date, pm10, o3, no2
2022/3/1,43,13,5
2022/3/2,38,10,6
2022/3/3,42,14,6
2022/3/4,45,11,5
2022/3/5,39,9,5
2022/3/6,35,11,4
2022/3/7,45,17,10
2022/3/8,70,41,17
2022/3/9,46,14,5
2022/3/10,48,11,4
2022/3/11,50,14,5
2022/3/12,49,15,4
2022/3/13,38,11,6
2022/3/14,30,11,7
2022/3/15,27,7,3
2022/3/16,32,8,2
2022/3/17,39,8,6
2022/3/18,40,20,9
2022/3/19,34,5,8
2022/3/20,27,5,4
2022/3/21,26,3,5
2022/3/22, , , 
2022/2/1,31,9,4
2022/2/2,35,10,6
2022/2/3,37,15,11
2022/2/4,48,17,15
2022/2/5,54,21,13
2022/2/6,62,27,18
2022/2/7,62,19,23
2022/2/8,39,20,7
2022/2/9,37,18,8
2022/2/10,37,17,6
2022/2/11,43,14,10
2022/2/12,45,11,6
2022/2/13,36,7,4
2022/2/14,42,8,10
2022/2/15,60,12,12
2022/2/16,62,6,10
2022/2/17,34,7,6
2022/2/18,23,4,5
2022/2/19,22,4,3
2022/2/20,30,9,8
2022/2/21,41,11,14
2022/2/22,56,22,14
2022/2/23,55,18,15
2022/2/24,61,20,13
2022/2/25,58,24,15
2022/2/26,58,24,14
2022/2/27,64,36,16
2022/2/28,53,17,8
2022/1/3,51,18,13
2022/1/4,59,21,21
2022/1/5,56,23,23
2022/1/6,64,20,21
2022/1/7,58,19,20
2022/1/8,56,20,19
2022/1/9,76,23,22
2022/1/10,61,21,20
2022/1/11,52,19,13
2022/1/12,49,22,12
2022/1/13,46,21,12
2022/1/14,48,25,12
2022/1/15,52,23,10
2022/1/16,58,20,19
2022/1/17,59,18,17
2022/1/18,48,19,15
2022/1/19,55,25,16
2022/1/20,35,12,6
2022/1/21,26,7,6
2022/1/22,24,15,6
2022/1/23,28,15,10
2022/1/24,31,19,16
2022/1/25,32,14,7
2022/1/26,37,12,11
2022/1/27,46,11,7
2022/1/28,41,16,7
2022/1/29,36,12,5
2022/1/30,36,9,3
2022/1/31,35,10,3
2021/10/1,24,11,6
2021/10/2,36,18,7
2021/10/3,33,17,10
2021/10/4,43,19,11
2021/10/5,26,14,7
2021/10/6,34,11,10
2021/10/7,51,20,12
2021/10/8,25,5,5
2021/10/9,22,12,3
2021/10/10,22,8,4
2021/10/11,21,7,4
2021/10/12,19,13,2
2021/10/13,23,8,5
2021/10/14,25,5,7
2021/10/15,31,6,4
2021/10/16,17,6,6
2021/10/17,23,8,9
2021/10/18,38,9,11
2021/10/19,45,20,11
2021/10/20,50,21,13
2021/10/21,37,15,11
2021/10/22,29,9,5
2021/10/23,28,17,5
2021/10/24,30,20,6
2021/10/25,40,26,6
2021/10/26,46,25,8
2021/10/27,50,10,9
2021/10/28,35,17,8
2021/10/29,45,13,10
2021/10/30,28,9,7
2021/10/31,31,11,6
2021/11/1,36,8,7
2021/11/2,35,11,7
2021/11/3,39,13,7
2021/11/4,34,13,9
2021/11/5,43,12,10
2021/11/6,31,13,7
2021/11/7,39,7,8
2021/11/8,35,11,7
2021/11/9,39,18,8
2021/11/10,52,22,7
2021/11/11,48,20,9
2021/11/12,45,14,9
2021/11/13,44,17,6
2021/11/14,45,18,8
2021/11/15,33,11,8
2021/11/16,26,14,7
2021/11/17,30,9,6
2021/11/18,35,19,9
2021/11/19,39,18,9
2021/11/20,40,23,11
2021/11/21,41,8,14
2021/11/22,30,5,7
2021/11/23,32,14,9
2021/11/24,45,22,12
2021/11/25,50,21,12
2021/11/26,43,20,8
2021/11/27,51,24,7
2021/11/28,44,20,7
2021/11/29,50,16,9
2021/11/30,54,16,9
2021/12/1,55,19,8
2021/12/2,56,24,15
2021/12/3,56,24,12
2021/12/4,59,24,8
2021/12/5,58,25,11
2021/12/6,64,13,16
2021/12/7,61,18,14
2021/12/8,55,21,14
2021/12/9,54,20,15
2021/12/10,54,29,15
2021/12/11,47,23,10
2021/12/12,43,19,6
2021/12/13,65,23,14
2021/12/14,63,29,16
2021/12/15,62,29,12
2021/12/16,57,17,12
2021/12/17,48,18,6
2021/12/18,43,21,8
2021/12/19,61,24,12
2021/12/20,75,27,16
2021/12/21,79,31,20
2021/12/22,74,23,24
2021/12/23,65,18,15
2021/12/24,39,14,8
2021/12/25,37,13,8
2021/12/26,49,12,17
2021/12/27,35,18,8
2021/12/28,35,18,7
2021/12/29,35,16,8
2021/12/30,37,18,8
2021/12/31,34,18,7
2022/1/1,35,22,6
2022/1/2,40,17,8
2021/7/1,26,15,10
2021/7/2,25,11,5
2021/7/3,19,14,3
2021/7/4,25,12,3
2021/7/5,39,9,4
2021/7/6,40,8,4
2021/7/7,46,10,4
2021/7/8,28,6,7
2021/7/9,20,4,6
2021/7/10,15,6,4
2021/7/11,17,7,5
2021/7/12,25,13,5
2021/7/13,33,5,8
2021/7/14,24,6,4
2021/7/15,24,7,5
2021/7/16,23,11,4
2021/7/17,20,7,2
2021/7/18,17,7,3
2021/7/19,17,7,3
2021/7/20,18,6,2
2021/7/21,30,6,2
2021/7/22,25,6,4
2021/7/23,30,3,4
2021/7/24,21,4,3
2021/7/25,22,7,4
2021/7/26,21,8,3
2021/7/27,22,5,4
2021/7/28,23,9,3
2021/7/29,26,9,4
2021/7/30,30,7,3
2021/7/31,24,7,3
2021/8/1,23,8,3
2021/8/2,20,7,3
2021/8/3,25,11,2
2021/8/4,29,10,2
2021/8/5,24,12,2
2021/8/6,26,13,2
2021/8/7,28,15,1
2021/8/8,29,15,1
2021/8/9,29,8,2
2021/8/10,21,4,3
2021/8/11,18,5,2
2021/8/12,18,7,4
2021/8/13,23,4,4
2021/8/14,17,4,2
2021/8/15,16,7,4
2021/8/16,28,20,6
2021/8/17,26,13,2
2021/8/18,26,16,5
2021/8/19,30,14,8
2021/8/20,27,9,5
2021/8/21,25,11,2
2021/8/22,21,11,2
2021/8/23,22,11,2
2021/8/24,25,8,5
2021/8/25,18,4,4
2021/8/26,22,2,7
2021/8/27,19,2,4
2021/8/28,14,5,3
2021/8/29,24,7,6
2021/8/30,27,6,7
2021/8/31,29,8,7
2021/9/1,25,5,6
2021/9/2,20,3,4
2021/9/3,22,4,4
2021/9/4,23,1,2
2021/9/5,32,10,4
2021/9/6,29,4,11
2021/9/7,21,9,12
2021/9/8,29,5,7
2021/9/9,19,6,7
2021/9/10,23,8,10
2021/9/11,22,7,8
2021/9/12,23,7,1
2021/9/13,25,12,2
2021/9/14,23,5,4
2021/9/15,19,6,4
2021/9/16,22,7,4
2021/9/17,31,18,6
2021/9/18,25,13,5
2021/9/19,27,9,4
2021/9/20,16,7,2
2021/9/21,9,7,4
2021/9/22,10,5,3
2021/9/23,12,5,4
2021/9/24,11,6,2
2021/9/25,9,6,3
2021/9/26,18,8,6
2021/9/27,34,7,9
2021/9/28,50,22,13
2021/9/29,38,14,10
2021/9/30,28,8,4
2021/4/1,22,7,5
2021/4/2,28,15,6
2021/4/3,30,6,7
2021/4/4,47,6,16
2021/4/5,46,8,15
2021/4/6,47,15,16
2021/4/7,46,17,10
2021/4/8,38,15,10
2021/4/9,49,17,11
2021/4/10,42,19,11
2021/4/11,44,14,11
2021/4/12,34,10,6
2021/4/13,28,8,4
2021/4/14,35,22,5
2021/4/15,28,10,5
2021/4/16,27,19,6
2021/4/17,28,15,4
2021/4/18,25,13,4
2021/4/19,27,24,10
2021/4/20,30,9,10
2021/4/21,39,17,9
2021/4/22,42,15,7
2021/4/23,43,9,8
2021/4/24,40,13,6
2021/4/25,39,13,11
2021/4/26,32,12,11
2021/4/27,41,15,13
2021/4/28,30,11,9
2021/4/29,33,16,10
2021/4/30,32,11,10
2021/5/1,38,19,9
2021/5/2,35,17,15
2021/5/3,42,22,9
2021/5/4,44,29,10
2021/5/5,35,16,12
2021/5/6,28,15,9
2021/5/7,42,28,9
2021/5/8,34,23,8
2021/5/9,31,13,4
2021/5/10,30,15,6
2021/5/11,26,13,4
2021/5/12,27,15,5
2021/5/13,23,8,5
2021/5/14,25,12,5
2021/5/15,21,9,4
2021/5/16,24,10,5
2021/5/17,21,9,4
2021/5/18,27,14,6
2021/5/19,26,10,9
2021/5/20,20,7,7
2021/5/21,23,16,5
2021/5/22,22,13,4
2021/5/23,25,13,4
2021/5/24,26,13,6
2021/5/25,25,19,7
2021/5/26,30,17,6
2021/5/27,23,7,6
2021/5/28,20,6,5
2021/5/29,17,7,4
2021/5/30,23,8,5
2021/5/31,24,12,5
2021/6/1,28,6,4
2021/6/2,23,11,4
2021/6/3,27,13,4
2021/6/4,26,10,4
2021/6/5,23,6,5
2021/6/6,21,11,4
2021/6/7,21,14,6
2021/6/8,16,9,5
2021/6/9,14,8,5
2021/6/10,25,9,6
2021/6/11,36,9,8
2021/6/12,33,6,6
2021/6/13,27,6,6
2021/6/14,32,5,7
2021/6/15,26,8,5
2021/6/16,22,15,6
2021/6/17,25,5,6
2021/6/18,25,14,3
2021/6/19,27,13,5
2021/6/20,44,13,4
2021/6/21,54,12,8
2021/6/22,41,13,5
2021/6/23,25,12,3
2021/6/24,35,13,4
2021/6/25,28,6,4
2021/6/26,19,9,1
2021/6/27,25,13,6
2021/6/28,32,12,7
2021/6/29,25,11,5
2021/6/30,24,9,4
2021/1/4,57,17,25
2021/1/5,55,20,22
2021/1/6,50,20,18
2021/1/7,44,12,9
2021/1/8,40,18,10
2021/1/9,49,19,15
2021/1/10,51,17,14
2021/1/11,56,17,18
2021/1/12,73,24,22
2021/1/13,85,28,35
2021/1/14,91,29,28
2021/1/15,81,26,20
2021/1/16,62,23,11
2021/1/17,53,20,12
2021/1/18,67,24,25
2021/1/19,79,34,26
2021/1/20,82,27,32
2021/1/21,93,42,36
2021/1/22,83,26,22
2021/1/23,49,14,13
2021/1/24,47,13,11
2021/1/25,51,14,12
2021/1/26,55,11,15
2021/1/27,56,20,15
2021/1/28,61,20,16
2021/1/29,61,19,16
2021/1/30,67,24,16
2021/1/31,78,26,27
2021/2/1,76,24,28
2021/2/2,70,20,22
2021/2/3,68,16,23
2021/2/4,70,20,26
2021/2/5,66,23,22
2021/2/6,74,34,21
2021/2/7,59,14,8
2021/2/8,68,8,13
2021/2/9,56,21,15
2021/2/10,51,4,19
2021/2/11,65,20,25
2021/2/12,59,26,12
2021/2/13,46,18,10
2021/2/14,53,15,11
2021/2/15,46,16,10
2021/2/16,51,20,15
2021/2/17,62,16,14
2021/2/18,57,17,15
2021/2/19,61,24,17
2021/2/20,71,32,23
2021/2/21,66,20,13
2021/2/22,60,18,13
2021/2/23,63,16,11
2021/2/24,64,28,20
2021/2/25,65,9,16
2021/2/26,61,6,11
2021/2/27,65,8,7
2021/2/28,46,10,10
2021/3/1,32,8,8
2021/3/2,27,7,6
2021/3/3,37,13,10
2021/3/4,35,14,6
2021/3/5,39,13,5
2021/3/6,39,13,3
2021/3/7,42,13,9
2021/3/8,46,12,12
2021/3/9,52,15,16
2021/3/10,61,15,16
2021/3/11,56,16,14
2021/3/12,48,16,11
2021/3/13,45,14,7
2021/3/14,43,12,8
2021/3/15,51,12,7
2021/3/16,54,11,7
2021/3/17,59,15,10
2021/3/18,54,16,7
2021/3/19,55,14,5
2021/3/20,42,11,4
2021/3/21,60,8,13
2021/3/22,60,23,17
2021/3/23,68,30,17
2021/3/24,63,23,9
2021/3/25,39,15,5
2021/3/26,34,9,4
2021/3/27,35,12,4
2021/3/28,34,12,4
2021/3/29,39,14,6
2021/3/30,44,17,7
2021/3/31,36,13,7
2020/10/1,21,7,12
2020/10/2,25,12,14
2020/10/3,18,11,12
2020/10/4,23,10,9
2020/10/5,26,12,12
2020/10/6,28,12,9
2020/10/7,20,5,10
2020/10/8,20,4,18
2020/10/9,26,2,16
2020/10/10,27,6,16
2020/10/11,42,12,20
2020/10/12,31,3,16
2020/10/13,32,11,16
2020/10/14,55,11,12
2020/10/15,26,11,13
2020/10/16,20,4,15
2020/10/17,19,5,7
2020/10/18,34,4,7
2020/10/19,41,8,7
2020/10/20,31,9,12
2020/10/21,28,6,9
2020/10/22,38,16,8
2020/10/23,59,22,12
2020/10/24,64,29,25
2020/10/25,59,22,25
2020/10/26,42,11,21
2020/10/27,46,16,20
2020/10/28,33,3,15
2020/10/29,25,2,12
2020/10/30,29,8,14
2020/10/31,32,7,12
2020/11/1,42,15,12
2020/11/2,38,13,9
2020/11/3,42,18,13
2020/11/4,39,23,14
2020/11/5,49,20,18
2020/11/6,34,16,10
2020/11/7,49,21,11
2020/11/8,49,22,14
2020/11/9,53,23,18
2020/11/10,52,19,15
2020/11/11,42,12,15
2020/11/12,53,21,15
2020/11/13,62,31,16
2020/11/14,65,34,16
2020/11/15,37,23,13
2020/11/16,47,18,20
2020/11/17,50,15,23
2020/11/18,57,20,21
2020/11/19,53,12,21
2020/11/20,43,5,17
2020/11/21,35,11,19
2020/11/22,49,7,21
2020/11/23,36,11,15
2020/11/24,39,12,14
2020/11/25,37,14,15
2020/11/26,30,12,15
2020/11/27,40,20,10
2020/11/28,35,24,11
2020/11/29,27,21,9
2020/11/30,37,17,12
2020/12/1,33,18,10
2020/12/2,32,18,9
2020/12/3,39,20,10
2020/12/4,42,21,11
2020/12/5,51,23,16
2020/12/6,56,20,20
2020/12/7,54,22,17
2020/12/8,53,22,16
2020/12/9,64,25,22
2020/12/10,71,28,15
2020/12/11,65,22,17
2020/12/12,70,16,23
2020/12/13,71,15,25
2020/12/14,76,7,24
2020/12/15,51,10,15
2020/12/16,44,13,16
2020/12/17,50,24,25
2020/12/18,43,20,17
2020/12/19,42,21,15
2020/12/20,47,19,25
2020/12/21,60,20,26
2020/12/22,64,19,28
2020/12/23,63,19,31
2020/12/24,57,9,25
2020/12/25,55,14,28
2020/12/26,51,20,18
2020/12/27,42,15,17
2020/12/28,55,16,24
2020/12/29,51,11,18
2020/12/30,38,19,5
2020/12/31,42,24,8
2021/1/1,46,25,11
2021/1/2,58,26,14
2021/1/3,56,21,17
2020/7/1,21,3,5
2020/7/2,22,5,6
2020/7/3,29,8,5
2020/7/4,23,7,3
2020/7/5,23,10,3
2020/7/6,23,14,3
2020/7/7,19,6,5
2020/7/8,23,12,5
2020/7/9,22,5,6
2020/7/10,26,7,7
2020/7/11,24,13,7
2020/7/12,27,9,9
2020/7/13,24,6,8
2020/7/14,27,8,8
2020/7/15,25,94,7
2020/7/16,26,13,6
2020/7/17,26,15,7
2020/7/18,18,6,4
2020/7/19,29,2,10
2020/7/20,28,3,16
2020/7/21,26,8,12
2020/7/22,21,5,7
2020/7/23,25,3,11
2020/7/24,26,8,10
2020/7/25,22,7,5
2020/7/26,15,6,4
2020/7/27,18,7,5
2020/7/28,23,12,7
2020/7/29,20,10,5
2020/7/30,18,8,5
2020/7/31,17,6,4
2020/8/1,14,5,4
2020/8/2,17,5,4
2020/8/3,19,5,4
2020/8/4,21,8,5
2020/8/5,27,7,7
2020/8/6,28,5,8
2020/8/7,25,4,6
2020/8/8,19,5,6
2020/8/9,18,5,5
2020/8/10,25,5,6
2020/8/11,17,4,4
2020/8/12,21,4,6
2020/8/13,25,5,8
2020/8/14,31,4,7
2020/8/15,28,8,5
2020/8/16,32,8,7
2020/8/17,40,13,6
2020/8/18,32,8,7
2020/8/19,38,5,7
2020/8/20,29,7,6
2020/8/21,23,17,5
2020/8/22,23,7,6
2020/8/23,27,8,6
2020/8/24,28,11,8
2020/8/25,26,10,5
2020/8/26,26,5,4
2020/8/27,28,4,5
2020/8/28,27,16,8
2020/8/29,31,13,8
2020/8/30,23,7,5
2020/8/31,24,11,9
2020/9/1,36,9,10
2020/9/2,29,6,8
2020/9/3,26,7,7
2020/9/4,24,6,6
2020/9/5,17,12,2
2020/9/6,16,7,3
2020/9/7,22,9,4
2020/9/8,29,3,5
2020/9/9,26,16,7
2020/9/10,19,8,6
2020/9/11,20,3,7
2020/9/12,18,2,6
2020/9/13,17,7,6
2020/9/14,24,12,10
2020/9/15,26,16,11
2020/9/16,28,14,10
2020/9/17,24,5,9
2020/9/18,16,5,4
2020/9/19,16,4,3
2020/9/20,31,11,4
2020/9/21,39,12,9
2020/9/22,42,15,13
2020/9/23,21,9,3
2020/9/24,32,13,4
2020/9/25,33,6,6
2020/9/26,20,8,7
2020/9/27,27,6,7
2020/9/28,18,7,8
2020/9/29,25,11,11
2020/9/30,26,6,9
2020/4/1,31,1,2
2020/4/2,27,5,3
2020/4/3,27,4,2
2020/4/4,28,8,2
2020/4/5,28,6,2
2020/4/6,39,9,4
2020/4/7,37,6,6
2020/4/8,30,9,4
2020/4/9,29,13,4
2020/4/10,30,9,5
2020/4/11,19,9,2
2020/4/12,40,12,12
2020/4/13,50,23,7
2020/4/14,44,21,7
2020/4/15,27,12,4
2020/4/16,23,11,3
2020/4/17,23,14,4
2020/4/18,26,11,6
2020/4/19,23,11,4
2020/4/20,22,10,3
2020/4/21,31,14,5
2020/4/22,34,18,4
2020/4/23,31,18,8
2020/4/24,34,10,8
2020/4/25,47,29,13
2020/4/26,52,20,13
2020/4/27,46,33,7
2020/4/28,51,23,9
2020/4/29,40,18,7
2020/4/30,30,16,4
2020/5/1,33,12,2
2020/5/2,27,10,1
2020/5/3,30,15,3
2020/5/4,32,16,5
2020/5/5,28,11,3
2020/5/6,24,10,2
2020/5/7,25,5,3
2020/5/8,17,7,3
2020/5/9,16,8,4
2020/5/10,25,5,4
2020/5/11,37,22,7
2020/5/12,23,11,3
2020/5/13,25,12,3
2020/5/14,22,9,3
2020/5/15,24,9,2
2020/5/16,23,9,3
2020/5/17,25,10,4
2020/5/18,20,9,4
2020/5/19,24,9,3
2020/5/20,28,10,3
2020/5/21,40,17,5
2020/5/22,47,11,5
2020/5/23,46,9,5
2020/5/24,39,6,7
2020/5/25,39,10,8
2020/5/26,24,10,7
2020/5/27,23,12,6
2020/5/28,26,15,7
2020/5/29,18,10,6
2020/5/30,18,8,4
2020/5/31,23,11,4
2020/6/1,18,9,3
2020/6/2,20,8,5
2020/6/3,24,9,7
2020/6/4,22,4,7
2020/6/5,20,8,5
2020/6/6,17,7,4
2020/6/7,16,6,4
2020/6/8,21,4,5
2020/6/9,18,5,5
2020/6/10,23,12,6
2020/6/11,22,13,7
2020/6/12,21,16,5
2020/6/13,21,13,4
2020/6/14,18,5,5
2020/6/15,17,6,5
2020/6/16,21,4,7
2020/6/17,25,8,9
2020/6/18,23,6,7
2020/6/19,23,13,6
2020/6/20,22,15,5
2020/6/21,26,8,8
2020/6/22,25,16,9
2020/6/23,26,15,7
2020/6/24,25,12,7
2020/6/25,20,7,6
2020/6/26,22,12,8
2020/6/27,19,11,6
2020/6/28,21,11,5
2020/6/29,20,9,7
2020/6/30,21,8,5
2020/1/1,46,11,15
2020/1/2,52,12,18
2020/1/3,56,16,18
2020/1/4,61,15,17
2020/1/5,66,14,27
2020/1/6,69,15,22
2020/1/7,71,13,22
2020/1/8,70,18,21
2020/1/9,93,13,30
2020/1/10,64,16,14
2020/1/11,56,15,10
2020/1/12,56,12,12
2020/1/13,56,11,12
2020/1/14,61,13,15
2020/1/15,67,15,13
2020/1/16,70,19,15
2020/1/17,74,12,11
2020/1/18,72,18,11
2020/1/19,76,17,16
2020/1/20,67,16,14
2020/1/21,63,12,16
2020/1/22,58,9,10
2020/1/23,48,7,8
2020/1/24,39,10,5
2020/1/25,33,7,7
2020/1/26,40,10,10
2020/1/27,47,13,12
2020/1/28,49,20,16
2020/1/29,56,21,15
2020/1/30,68,19,13
2020/1/31,88,27,17
2020/2/1,85,25,14
2020/2/2,80,22,13
2020/2/3,71,17,10
2020/2/4,58,17,10
2020/2/5,48,14,8
2020/2/6,59,18,13
2020/2/7,59,22,11
2020/2/8,72,16,14
2020/2/9,75,19,13
2020/2/10,71,22,15
2020/2/11,58,13,9
2020/2/12,32,7,5
2020/2/13,29,6,5
2020/2/14,37,10,8
2020/2/15,26,8,7
2020/2/16,38,13,10
2020/2/17,62,15,11
2020/2/18,81,21,17
2020/2/19,86,18,19
2020/2/20,79,18,14
2020/2/21,82,17,13
2020/2/22,80,21,14
2020/2/23,87,21,19
2020/2/24,89,25,13
2020/2/25,73,20,10
2020/2/26,75,11,17
2020/2/27,50,13,9
2020/2/28,49,12,9
2020/2/29,51,13,6
2020/3/1,47,12,6
2020/3/2,33,9,4
2020/3/3,29,4,5
2020/3/4,31,5,6
2020/3/5,30,5,5
2020/3/6,32,4,6
2020/3/7,39,12,4
2020/3/8,56,24,10
2020/3/9,49,14,9
2020/3/10,54,14,10
2020/3/11,44,8,6
2020/3/12,37,6,5
2020/3/13,35,7,5
2020/3/14,37,5,9
2020/3/15,57,12,15
2020/3/16,46,13,4
2020/3/17,44,9,5
2020/3/18,40,11,5
2020/3/19,36,11,5
2020/3/20,35,13,5
2020/3/21,29,13,5
2020/3/22,30,12,7
2020/3/23,28,9,6
2020/3/24,31,9,4
2020/3/25,25,8,4
2020/3/26,27,7,4
2020/3/27,37,11,4
2020/3/28,30,10,3
2020/3/29, , , 
2019/10/1,37,17,13
2019/10/2,36,12,12
2019/10/3,45,6,17
2019/10/4,45,8,10
2019/10/5,33,10,15
2019/10/6,29,10,13
2019/10/7,34,11,17
2019/10/8,26,9,18
2019/10/9,34,15,20
2019/10/10,41,14,20
2019/10/11,37,14,19
2019/10/12,23,5,11
2019/10/13,19,9,11
2019/10/14,31,9,12
2019/10/15,42,6,17
2019/10/16,46,10,19
2019/10/17,44,17,22
2019/10/18,46,18,17
2019/10/19,46,15,15
2019/10/20,50,23,15
2019/10/21,69,27,22
2019/10/22,46,19,8
2019/10/23,36,12,8
2019/10/24,42,18,12
2019/10/25,44,16,13
2019/10/26,32,15,10
2019/10/27,34,18,12
2019/10/28,37,13,15
2019/10/29,40,19,13
2019/10/30,48,21,15
2019/10/31,30,12,11
2019/11/1,36,8,14
2019/11/2,39,14,11
2019/11/3,41,22,14
2019/11/4,58,24,18
2019/11/5,59,19,19
2019/11/6,61,15,18
2019/11/7,61,22,14
2019/11/8,60,22,12
2019/11/9,61,21,17
2019/11/10,69,25,27
2019/11/11,62,13,24
2019/11/12,54,13,16
2019/11/13,41,6,15
2019/11/14,46,16,15
2019/11/15,54,20,18
2019/11/16,56,27,16
2019/11/17,55,15,20
2019/11/18,51,16,16
2019/11/19,40,13,12
2019/11/20,41,18,13
2019/11/21,44,16,17
2019/11/22,51,18,23
2019/11/23,49,20,20
2019/11/24,55,15,21
2019/11/25,46,15,19
2019/11/26,47,10,18
2019/11/27,38,10,10
2019/11/28,35,17,12
2019/11/29,36,8,16
2019/11/30,39,14,15
2019/12/1,36,11,12
2019/12/2,44,15,12
2019/12/3,51,20,9
2019/12/4,51,24,7
2019/12/5,60,23,15
2019/12/6,58,21,14
2019/12/7,68,23,21
2019/12/8,64,17,16
2019/12/9,68,22,23
2019/12/10,74,18,32
2019/12/11,67,16,27
2019/12/12,68,16,20
2019/12/13,63,13,17
2019/12/14,67,3,20
2019/12/15,61,14,21
2019/12/16,59,12,24
2019/12/17,60,14,21
2019/12/18,59,16,20
2019/12/19,57,13,18
2019/12/20,57,15,18
2019/12/21,50,13,16
2019/12/22,50,14,16
2019/12/23,52,15,13
2019/12/24,54,15,16
2019/12/25,51,14,15
2019/12/26,57,14,15
2019/12/27,57,15,14
2019/12/28,59,17,15
2019/12/29, , , 
2019/7/1,43,5,9
2019/7/2,43,3,10
2019/7/3,63,3,9
2019/7/4,33,4,10
2019/7/5,43,1,9
2019/7/6,37,3,7
2019/7/7,35,7,8
2019/7/8,35,8,8
2019/7/9,43,9,8
2019/7/10,59,10,7
2019/7/11,39,11,5
2019/7/12,34,10,6
2019/7/13,26,4,4
2019/7/14,24,5,6
2019/7/15,22,12,6
2019/7/16,24,10,7
2019/7/17,22,13,7
2019/7/18,24,11,7
2019/7/19,27,13,9
2019/7/20,17,6,7
2019/7/21,27,5,10
2019/7/22,28,3,8
2019/7/23,39,2,8
2019/7/24,27,3,8
2019/7/25,34,15,9
2019/7/26,28,10,10
2019/7/27,33,11,7
2019/7/28,20,6,6
2019/7/29,25,7,7
2019/7/30,27,8,5
2019/7/31,25,6,6
2019/8/1,24,7,8
2019/8/2,23,5,7
2019/8/3,18,6,7
2019/8/4,22,6,8
2019/8/5,24,7,8
2019/8/6,25,6,8
2019/8/7,23,4,7
2019/8/8,25,6,8
2019/8/9,18,5,6
2019/8/10,18,6,4
2019/8/11,18,7,4
2019/8/12,24,5,7
2019/8/13,33,7,8
2019/8/14,32,10,6
2019/8/15,32,9,7
2019/8/16,22,5,6
2019/8/17,20,8,5
2019/8/18,27,10,8
2019/8/19,26,5,8
2019/8/20,23,8,9
2019/8/21,25,5,7
2019/8/22,25,2,8
2019/8/23,24,6,8
2019/8/24,20,7,5
2019/8/25,18,4,7
2019/8/26,24,5,8
2019/8/27,22,8,8
2019/8/28,21,6,9
2019/8/29,25,3,9
2019/8/30,21,6,7
2019/8/31,18,4,6
2019/9/1,25,4,8
2019/9/2,23,2,9
2019/9/3,26,3,9
2019/9/4,27,3,9
2019/9/5,28,7,9
2019/9/6,31,3,8
2019/9/7,26,6,7
2019/9/8,29,5,8
2019/9/9,26,3,8
2019/9/10,30,9,12
2019/9/11,29,4,10
2019/9/12,20,5,7
2019/9/13,24,5,10
2019/9/14,31,9,11
2019/9/15,28,7,14
2019/9/16,35,12,13
2019/9/17,31,13,17
2019/9/18,33,11,19
2019/9/19,33,15,14
2019/9/20,26,4,8
2019/9/21,33,10,6
2019/9/22,25,7,4
2019/9/23,41,16,7
2019/9/24,59,18,13
2019/9/25,59,20,22
2019/9/26,49,16,19
2019/9/27,62,24,20
2019/9/28,66,32,20
2019/9/29,77,30,18
2019/9/30,48,14,11
2019/4/1,39,16,11
2019/4/2,36,9,10
2019/4/3,37,9,10
2019/4/4,27,9,6
2019/4/5,35,14,7
2019/4/6,28,11,4
2019/4/7,35,19,7
2019/4/8,27,11,3
2019/4/9,31,11,5
2019/4/10,32,8,5
2019/4/11,32,11,6
2019/4/12,28,11,5
2019/4/13,24,9,4
2019/4/14,20,7,4
2019/4/15,21,9,4
2019/4/16,29,6,5
2019/4/17,32,11,4
2019/4/18,33,9,5
2019/4/19,48,23,8
2019/4/20,55,11,5
2019/4/21,34,10,5
2019/4/22,39,20,11
2019/4/23,37,22,9
2019/4/24,39,22,9
2019/4/25,46,17,13
2019/4/26,49,9,10
2019/4/27,26,8,6
2019/4/28,24,10,7
2019/4/29,27,8,6
2019/4/30,28,14,11
2019/5/1,25,13,11
2019/5/2,28,14,9
2019/5/3,25,12,6
2019/5/4,31,6,5
2019/5/5,47,16,5
2019/5/6,60,15,10
2019/5/7,61,16,11
2019/5/8,61,16,8
2019/5/9,55,17,12
2019/5/10,54,17,9
2019/5/11,55,15,10
2019/5/12,39,12,14
2019/5/13,43,8,13
2019/5/14,55,13,9
2019/5/15,51,10,10
2019/5/16,49,11,11
2019/5/17,58,13,10
2019/5/18,53,15,6
2019/5/19,42,15,5
2019/5/20,43,11,8
2019/5/21,38,10,12
2019/5/22,34,8,11
2019/5/23,35,13,9
2019/5/24,40,11,8
2019/5/25,32,11,6
2019/5/26,38,5,9
2019/5/27,41,4,7
2019/5/28,23,7,9
2019/5/29,24,3,10
2019/5/30,30,8,9
2019/5/31,28,10,8
2019/6/1,26,7,7
2019/6/2,33,9,8
2019/6/3,30,19,9
2019/6/4,45,6,8
2019/6/5,36,8,16
2019/6/6,36,11,16
2019/6/7,37,12,9
2019/6/8,28,8,7
2019/6/9,25,7,6
2019/6/10,25,3,10
2019/6/11,23,6,5
2019/6/12,23,7,5
2019/6/13,24,9,4
2019/6/14,27,12,5
2019/6/15,30,6,7
2019/6/16,31,5,6
2019/6/17,21,5,6
2019/6/18,20,6,6
2019/6/19,34,2,10
2019/6/20,37,2,6
2019/6/21,32,1,3
2019/6/22,29,1,3
2019/6/23,25,3,4
2019/6/24,26,3,9
2019/6/25,24,8,7
2019/6/26,27,4,9
2019/6/27,31,6,7
2019/6/28,25,7,6
2019/6/29,21,7,6
2019/6/30,32,6,10
2019/1/1,40,22,18
2019/1/2,48,13,20
2019/1/3,55,13,24
2019/1/4,62,4,24
2019/1/5,76,20,20
2019/1/6,74,21,19
2019/1/7,47,11,11
2019/1/8,49,10,20
2019/1/9,59,22,23
2019/1/10,85,22,30
2019/1/11,73,23,22
2019/1/12,76,23,22
2019/1/13,78,23,19
2019/1/14,67,17,21
2019/1/15,63,20,20
2019/1/16,67,22,18
2019/1/17,58,20,16
2019/1/18,70,29,20
2019/1/19,62,32,26
2019/1/20,74,29,30
2019/1/21,65,23,19
2019/1/22,64,27,22
2019/1/23,60,26,24
2019/1/24,79,33,30
2019/1/25,73,28,24
2019/1/26,62,27,17
2019/1/27,73,34,28
2019/1/28,82,31,38
2019/1/29,94,34,38
2019/1/30,79,24,21
2019/1/31,61,23,14
2019/2/1,57,25,12
2019/2/2,44,17,9
2019/2/3,50,20,10
2019/2/4,48,19,9
2019/2/5,38,11,7
2019/2/6,41,15,8
2019/2/7,43,17,9
2019/2/8,36,11,8
2019/2/9,40,14,6
2019/2/10,41,13,8
2019/2/11,50,19,19
2019/2/12,72,34,16
2019/2/13,50,16,7
2019/2/14,50,16,8
2019/2/15,43,15,6
2019/2/16,36,14,5
2019/2/17,31,12,6
2019/2/18,26,11,6
2019/2/19,26,12,7
2019/2/20,34,15,8
2019/2/21,31,9,7
2019/2/22,37,15,7
2019/2/23,38,14,5
2019/2/24,38,15,5
2019/2/25,38,17,6
2019/2/26,50,19,8
2019/2/27,52,19,7
2019/2/28,50,14,7
2019/3/1,52,15,6
2019/3/2,47,18,4
2019/3/3,40,14,5
2019/3/4,46,15,7
2019/3/5,46,15,9
2019/3/6,29,9,6
2019/3/7,33,12,8
2019/3/8,31,12,6
2019/3/9,31,13,6
2019/3/10,39,25,7
2019/3/11,51,35,12
2019/3/12,42,14,8
2019/3/13,34,12,6
2019/3/14,31,12,6
2019/3/15,47,8,13
2019/3/16,47,16,11
2019/3/17,51,13,11
2019/3/18,45,12,7
2019/3/19,41,9,6
2019/3/20,36,6,8
2019/3/21,47,8,9
2019/3/22,53,3,11
2019/3/23,44,4,5
2019/3/24,34,2,8
2019/3/25,38,5,10
2019/3/26,36,4,6
2019/3/27,41,7,8
2019/3/28,40,3,7
2019/3/29,38,4,7
2019/3/30,39,3,7
2019/3/31,38,13,8
2018/10/1,41,6,17
2018/10/2,60,23,19
2018/10/3,58,28,15
2018/10/4,27,17,10
2018/10/5,35,15,14
2018/10/6,38,18,14
2018/10/7,45,14,18
2018/10/8,40,15,18
2018/10/9,50,17,18
2018/10/10,50,19,16
2018/10/11,36,19,11
2018/10/12,46,16,18
2018/10/13,41,23,15
2018/10/14,32,16,13
2018/10/15,29,10,11
2018/10/16,33,11,13
2018/10/17,40,12,20
2018/10/18,53,20,25
2018/10/19,45,5,18
2018/10/20,20,5,11
2018/10/21,31,10,14
2018/10/22,33,10,15
2018/10/23,39,12,17
2018/10/24,54,10,20
2018/10/25,45,14,17
2018/10/26,43,14,16
2018/10/27,34,17,12
2018/10/28,48,21,16
2018/10/29,48,22,12
2018/10/30,57,27,11
2018/10/31,61,29,18
2018/11/1,72,27,28
2018/11/2,77,29,25
2018/11/3,73,32,20
2018/11/4,73,30,22
2018/11/5,66,21,20
2018/11/6,56,15,18
2018/11/7,41,10,11
2018/11/8,37,4,12
2018/11/9,42,8,12
2018/11/10,40,14,14
2018/11/11,61,20,24
2018/11/12,72,14,26
2018/11/13,67,15,23
2018/11/14,68,20,22
2018/11/15,46,14,14
2018/11/16,45,13,17
2018/11/17,56,14,22
2018/11/18,64,15,22
2018/11/19,52,18,22
2018/11/20,59,21,20
2018/11/21,61,16,23
2018/11/22,52,19,17
2018/11/23,53,23,20
2018/11/24,61,23,23
2018/11/25,58,29,21
2018/11/26,52,18,14
2018/11/27,41,15,14
2018/11/28,56,18,20
2018/11/29,67,17,24
2018/11/30,66,17,23
2018/12/1,65,19,19
2018/12/2,57,19,19
2018/12/3,64,19,22
2018/12/4,56,17,15
2018/12/5,55,17,15
2018/12/6,65,16,20
2018/12/7,37,3,12
2018/12/8,47,11,11
2018/12/9,56,15,19
2018/12/10,58,15,21
2018/12/11,45,9,16
2018/12/12,48,15,17
2018/12/13,57,17,22
2018/12/14,58,15,21
2018/12/15,50,17,18
2018/12/16,46,22,17
2018/12/17,55,21,18
2018/12/18,69,25,23
2018/12/19,88,31,33
2018/12/20,87,34,29
2018/12/21,75,30,21
2018/12/22,72,21,16
2018/12/23,66,22,18
2018/12/24,74,19,27
2018/12/25,84,24,31
2018/12/26,83,23,31
2018/12/27,81,28,24
2018/12/28,38,17,10
2018/12/29,37,17,12
2018/12/30, , , 
2018/7/1,22,8,9
2018/7/2,29,10,11
2018/7/3,21,9,8
2018/7/4,24,11,10
2018/7/5,27,9,10
2018/7/6,34,10,11
2018/7/7,51,9,10
2018/7/8,42,10,9
2018/7/9,42,9,12
2018/7/10,28,8,10
2018/7/11,25,10,11
2018/7/12,25,11,9
2018/7/13,34,10,11
2018/7/14,34,9,9
2018/7/15,37,9,9
2018/7/16,36,5,11
2018/7/17,24,10,9
2018/7/18,28,8,8
2018/7/19,35,6,7
2018/7/20,39,8,9
2018/7/21,35,8,8
2018/7/22,43,8,10
2018/7/23,44,8,10
2018/7/24,46,6,8
2018/7/25,41,6,9
2018/7/26,42,8,7
2018/7/27,34,8,6
2018/7/28,35,5,7
2018/7/29,36,4,8
2018/7/30,39,8,10
2018/7/31,35,11,9
2018/8/1,37,9,10
2018/8/2,35,11,9
2018/8/3,32,11,8
2018/8/4,30,11,7
2018/8/5,29,6,10
2018/8/6,41,5,10
2018/8/7,44,9,11
2018/8/8,40,9,10
2018/8/9,31,13,9
2018/8/10,25,8,7
2018/8/11,22,9,6
2018/8/12,31,6,4
2018/8/13,31,9,6
2018/8/14,28,7,7
2018/8/15,30,8,8
2018/8/16,23,8,8
2018/8/17,20,9,6
2018/8/18,19,10,5
2018/8/19,28,7,6
2018/8/20,49,9,8
2018/8/21,42,11,9
2018/8/22,44,10,8
2018/8/23,32,8,9
2018/8/24,24,6,8
2018/8/25,23,5,6
2018/8/26,25,7,7
2018/8/27,35,10,8
2018/8/28,41,8,7
2018/8/29,24,7,6
2018/8/30,27,8,7
2018/8/31,29,13,8
2018/9/1,32,10,7
2018/9/2,25,14,9
2018/9/3,20,9,8
2018/9/4,28,11,9
2018/9/5,35,9,9
2018/9/6,41,14,10
2018/9/7,41,10,11
2018/9/8,46,14,16
2018/9/9,49,23,16
2018/9/10,35,12,10
2018/9/11,40,7,10
2018/9/12,39,9,9
2018/9/13,31,5,9
2018/9/14,29,22,10
2018/9/15,30,19,12
2018/9/16,30,13,11
2018/9/17,21,15,8
2018/9/18,27,4,10
2018/9/19,43,20,14
2018/9/20,53,17,17
2018/9/21,39,20,14
2018/9/22,31,12,13
2018/9/23,41,3,14
2018/9/24,39,15,12
2018/9/25,27,15,10
2018/9/26,27,12,11
2018/9/27,37,16,16
2018/9/28,45,22,15
2018/9/29,24,20,12
2018/9/30,27,13,13
2018/4/1,58,16,17
2018/4/2,55,30,17
2018/4/3,47,14,10
2018/4/4,55,16,11
2018/4/5,60,28,13
2018/4/6,30,15,9
2018/4/7,45,25,14
2018/4/8,69,28,22
2018/4/9,73,39,24
2018/4/10,48,23,9
2018/4/11,36,16,6
2018/4/12,31,14,5
2018/4/13,30,14,4
2018/4/14,29,14,5
2018/4/15,36,27,8
2018/4/16,28,11,11
2018/4/17,44,37,16
2018/4/18,33,22,10
2018/4/19,33,13,7
2018/4/20,34,15,7
2018/4/21,29,13,5
2018/4/22,42,28,9
2018/4/23,36,14,7
2018/4/24,45,14,10
2018/4/25,38,10,11
2018/4/26,36,22,16
2018/4/27,27,4,17
2018/4/28,36,16,12
2018/4/29,28,3,11
2018/4/30,19,12,9
2018/5/1,25,10,10
2018/5/2,36,12,14
2018/5/3,36,19,14
2018/5/4,27,14,11
2018/5/5,25,9,9
2018/5/6,31,18,12
2018/5/7,38,27,15
2018/5/8,34,11,13
2018/5/9,30,18,11
2018/5/10,33,9,19
2018/5/11,46,18,19
2018/5/12,37,18,15
2018/5/13,34,18,18
2018/5/14,44,16,21
2018/5/15,29,13,12
2018/5/16,24,11,10
2018/5/17,32,8,14
2018/5/18,29,15,16
2018/5/19,40,24,17
2018/5/20,39,8,19
2018/5/21,40,8,20
2018/5/22,38,23,21
2018/5/23,26,8,14
2018/5/24,26,12,14
2018/5/25,28,7,15
2018/5/26,27,17,11
2018/5/27,38,19,18
2018/5/28,23,9,9
2018/5/29,26,9,11
2018/5/30,39,12,17
2018/5/31,32,10,13
2018/6/1,30,14,13
2018/6/2,26,15,9
2018/6/3,24,17,10
2018/6/4,24,13,10
2018/6/5,29,14,11
2018/6/6,25,8,10
2018/6/7,22,8,9
2018/6/8,23,5,8
2018/6/9,25,5,6
2018/6/10,26,5,6
2018/6/11,24,7,6
2018/6/12,26,7,6
2018/6/13,27,8,8
2018/6/14,29,8,8
2018/6/15,32,7,10
2018/6/16,30,15,8
2018/6/17,35,14,11
2018/6/18,40,15,10
2018/6/19,27,12,8
2018/6/20,31,9,8
2018/6/21,49,17,11
2018/6/22,54,14,8
2018/6/23,42,13,8
2018/6/24,25,11,11
2018/6/25,30,5,10
2018/6/26,32,2,11
2018/6/27,31,10,13
2018/6/28,38,20,14
2018/6/29,28,10,9
2018/6/30,23,16,10
2018/1/1,43,25,13
2018/1/2,56,21,19
2018/1/3,63,27,20
2018/1/4,70,34,26
2018/1/5,66,28,23
2018/1/6,29,11,10
2018/1/7,27,9,11
2018/1/8,34,14,15
2018/1/9,23,8,12
2018/1/10,58,11,18
2018/1/11,59,18,19
2018/1/12,65,19,21
2018/1/13,65,23,20
2018/1/14,75,22,23
2018/1/15,82,28,31
2018/1/16,96,35,32
2018/1/17,78,25,25
2018/1/18,77,23,26
2018/1/19,74,21,22
2018/1/20,89,25,32
2018/1/21,93,23,31
2018/1/22,79,19,28
2018/1/23,75,9,23
2018/1/24,49,8,14
2018/1/25,33,11,12
2018/1/26,28,7,9
2018/1/27,29,6,9
2018/1/28,32,9,10
2018/1/29,31,10,9
2018/1/30,31,7,11
2018/1/31,52,24,13
2018/2/1,64,23,15
2018/2/2,70,15,18
2018/2/3,73,29,17
2018/2/4,74,29,18
2018/2/5,69,30,15
2018/2/6,88,38,26
2018/2/7,85,34,23
2018/2/8,67,22,15
2018/2/9,62,23,13
2018/2/10,63,20,16
2018/2/11,71,26,14
2018/2/12,66,30,16
2018/2/13,89,40,37
2018/2/14,75,31,19
2018/2/15,63,17,14
2018/2/16,60,14,13
2018/2/17,55,16,7
2018/2/18,51,9,10
2018/2/19,26,7,7
2018/2/20,34,9,8
2018/2/21,43,13,8
2018/2/22,44,14,15
2018/2/23,58,20,19
2018/2/24,58,17,20
2018/2/25,57,23,16
2018/2/26,49,13,15
2018/2/27,60,22,19
2018/2/28,45,15,9
2018/3/1,41,11,8
2018/3/2,29,10,7
2018/3/3,27,11,7
2018/3/4,28,12,8
2018/3/5,29,14,9
2018/3/6,31,9,8
2018/3/7,44,13,12
2018/3/8,42,7,12
2018/3/9,65,17,20
2018/3/10,75,31,21
2018/3/11,89,29,26
2018/3/12,58,20,12
2018/3/13,48,13,9
2018/3/14,42,13,9
2018/3/15,42,10,9
2018/3/16,30,12,7
2018/3/17,24,11,6
2018/3/18,26,10,7
2018/3/19,37,19,9
2018/3/20,41,14,12
2018/3/21,48,19,15
2018/3/22,60,24,14
2018/3/23,67,26,18
2018/3/24,58,19,12
2018/3/25,56,15,10
2018/3/26,58,18,17
2018/3/27,51,13,9
2018/3/28,46,12,9
2018/3/29,54,13,9
2018/3/30,52,9,13
2018/3/31,60,11,17
2017/10/1,34,3,16
2017/10/2,32,5,15
2017/10/3,30,6,11
2017/10/4,31,7,12
2017/10/5,40,7,12
2017/10/6, , , 
2017/10/8,31,16,13
2017/10/9,42,12,19
2017/10/10,35,7,14
2017/10/11,53,11,24
2017/10/12,62,9,22
2017/10/13,37,12,16
2017/10/14,31,10,9
2017/10/15,28,10,11
2017/10/16,35,9,12
2017/10/17,35,5,17
2017/10/18,32,7,13
2017/10/19,26,11,11
2017/10/20,48,10,16
2017/10/21,33,16,14
2017/10/22,22,16,10
2017/10/23,23,14,15
2017/10/24,35,17,17
2017/10/25,45,21,19
2017/10/26,50,21,25
2017/10/27,51,23,14
2017/10/28,57,22,11
2017/10/29,59,25,11
2017/10/30,58,28,15
2017/10/31,61,21,18
2017/11/1,58,24,19
2017/11/2,59,27,19
2017/11/3,67,28,19
2017/11/4,53,22,9
2017/11/5,63,20,17
2017/11/6,52,24,14
2017/11/7,52,17,20
2017/11/8,44,18,18
2017/11/9,44,14,16
2017/11/10,35,6,13
2017/11/11,37,18,13
2017/11/12,47,18,17
2017/11/13,48,18,21
2017/11/14,43,17,21
2017/11/15,34,8,15
2017/11/16,52,10,21
2017/11/17,66,17,24
2017/11/18,49,13,19
2017/11/19,29,8,15
2017/11/20,27,11,12
2017/11/21,34,15,16
2017/11/22,28,17,15
2017/11/23,33,20,14
2017/11/24,47,23,21
2017/11/25,46,24,18
2017/11/26,43,19,20
2017/11/27,46,18,18
2017/11/28,37,20,17
2017/11/29,39,19,20
2017/11/30,45,18,18
2017/12/1,45,23,20
2017/12/2,39,23,20
2017/12/3,39,24,17
2017/12/4,34,16,12
2017/12/5,48,24,17
2017/12/6,52,25,18
2017/12/7,54,23,18
2017/12/8,40,26,13
2017/12/9,62,35,24
2017/12/10,76,32,31
2017/12/11,58,19,18
2017/12/12,50,17,19
2017/12/13,48,14,19
2017/12/14,59,20,21
2017/12/15,50,21,14
2017/12/16,26,22,7
2017/12/17,50,26,11
2017/12/18,63,25,15
2017/12/19,71,25,20
2017/12/20,70,25,21
2017/12/21,72,27,21
2017/12/22,75,36,24
2017/12/23,70,31,19
2017/12/24,50,20,18
2017/12/25,69,14,19
2017/12/26,45,9,17
2017/12/27,30,12,13
2017/12/28,33,21,12
2017/12/29,33,23,14
2017/12/30,34,18,13
2017/12/31,35,22,12
2017/7/1,32,9,8
2017/7/2,29,9,9
2017/7/3,32,5,8
2017/7/4,32,7,9
2017/7/5,29,11,9
2017/7/6,19,7,7
2017/7/7,24,7,9
2017/7/8,22,13,6
2017/7/9,28,12,11
2017/7/10,29,11,8
2017/7/11,24,8,10
2017/7/12,20,6,8
2017/7/13,25,8,9
2017/7/14,27,14,10
2017/7/15,21,11,7
2017/7/16,23,8,8
2017/7/17,29,10,8
2017/7/18,24,5,8
2017/7/19,25,7,9
2017/7/20,27,13,9
2017/7/21,23,14,8
2017/7/22,24,13,7
2017/7/23,25,10,7
2017/7/24,24,7,7
2017/7/25,21,5,6
2017/7/26,24,10,9
2017/7/27,23,13,8
2017/7/28,32,10,10
2017/7/29,40,15,7
2017/7/30,46,15,7
2017/7/31,51,17,8
2017/8/1,40,14,9
2017/8/2,39,5,10
2017/8/3,34,7,8
2017/8/4,29,6,7
2017/8/5,30,6,8
2017/8/6,26,7,9
2017/8/7,27,7,10
2017/8/8,28,12,10
2017/8/9,28,13,10
2017/8/10,26,9,8
2017/8/11,19,19,7
2017/8/12,19,22,7
2017/8/13,27,20,9
2017/8/14,22,9,8
2017/8/15,24,6,9
2017/8/16,19,4,8
2017/8/17,31,13,11
2017/8/18,39,11,8
2017/8/19,20,7,6
2017/8/20,16,13,6
2017/8/21,23,16,5
2017/8/22,27,16,6
2017/8/23,23,10,8
2017/8/24,19,10,8
2017/8/25,25,9,9
2017/8/26,22,9,7
2017/8/27,26,13,8
2017/8/28,38,4,13
2017/8/29,40,14,9
2017/8/30,28,15,10
2017/8/31,30,19,8
2017/9/1,32,9,8
2017/9/2,24,9,6
2017/9/3,22,13,7
2017/9/4,23,7,8
2017/9/5,13,1,6
2017/9/6, , , 
2017/9/9,31,4,16
2017/9/10,43,6,16
2017/9/11,43,7,26
2017/9/12,43,6,26
2017/9/13,35,18,12
2017/9/14,30,17,12
2017/9/15,23,6,9
2017/9/16,16,4,7
2017/9/17,25,9,9
2017/9/18,29,12,10
2017/9/19,38,7,15
2017/9/20,49,30,18
2017/9/21,36,10,20
2017/9/22,35,9,18
2017/9/23,31,13,13
2017/9/24,26,10,10
2017/9/25,21,8,9
2017/9/26,28,19,15
2017/9/27,25,15,11
2017/9/28,30,13,13
2017/9/29,44,15,19
2017/9/30,44,7,19
2017/4/1,34,19,11
2017/4/2,52,26,21
2017/4/3,57,23,21
2017/4/4,58,21,25
2017/4/5,44,19,15
2017/4/6,29,13,13
2017/4/7,23,13,8
2017/4/8,17,10,6
2017/4/9,17,9,6
2017/4/10,17,7,6
2017/4/11,12,8,5
2017/4/12,13,12,6
2017/4/13,21,18,7
2017/4/14,20,16,6
2017/4/15,23,13,5
2017/4/16,28,14,7
2017/4/17,24,14,8
2017/4/18,18,16,6
2017/4/19,31,20,9
2017/4/20,50,30,12
2017/4/21,65,40,12
2017/4/22,63,28,8
2017/4/23,61,27,9
2017/4/24,54,24,9
2017/4/25,54,22,12
2017/4/26,51,21,11
2017/4/27,50,13,12
2017/4/28,44,23,14
2017/4/29,45,21,12
2017/4/30,23,12,6
2017/5/1,27,12,9
2017/5/2,29,12,7
2017/5/3,33,11,7
2017/5/4,30,19,17
2017/5/5,51,30,25
2017/5/6,22,28,9
2017/5/7,29,15,14
2017/5/8,31,16,13
2017/5/9,32,14,15
2017/5/10,32,16,13
2017/5/11,32,5,16
2017/5/12,34,5,15
2017/5/13,24,9,10
2017/5/14,22,9,10
2017/5/15,23,10,12
2017/5/16,20,5,10
2017/5/17,30,13,9
2017/5/18,40,10,13
2017/5/19,49,23,14
2017/5/20,39,17,8
2017/5/21,44,16,10
2017/5/22,42,11,9
2017/5/23,34,13,13
2017/5/24,26,28,16
2017/5/25,30,9,15
2017/5/26,32,10,20
2017/5/27,25,10,12
2017/5/28,26,7,10
2017/5/29,28,5,11
2017/5/30,30,11,13
2017/5/31,30,8,10
2017/6/1,29,13,10
2017/6/2,19,9,7
2017/6/3,17,7,9
2017/6/4,22,8,9
2017/6/5,21,11,10
2017/6/6,25,8,12
2017/6/7,27,9,13
2017/6/8,29,6,8
2017/6/9,35,8,8
2017/6/10,49,10,10
2017/6/11,48,13,10
2017/6/12,41,21,11
2017/6/13,31,12,9
2017/6/14,57,11,10
2017/6/15,54,12,10
2017/6/16,45,12,9
2017/6/17,31,14,7
2017/6/18,33,12,10
2017/6/19,33,15,12
2017/6/20,39,12,10
2017/6/21,30,11,10
2017/6/22,23,13,9
2017/6/23,25,12,8
2017/6/24,18,12,9
2017/6/25,24,9,9
2017/6/26,25,14,10
2017/6/27,25,18,9
2017/6/28,35,14,11
2017/6/29,32,4,10
2017/6/30,31,6,9
2017/1/2,36,12,12
2017/1/3,40,11,12
2017/1/4,58,13,15
2017/1/5,52,9,13
2017/1/6,55,12,15
2017/1/7,52,3,14
2017/1/8,41,3,13
2017/1/9,49,3,18
2017/1/10,29,7,11
2017/1/11,27,6,9
2017/1/12,38,17,14
2017/1/13,52,26,16
2017/1/14,62,28,14
2017/1/15,47,25,13
2017/1/16,40,13,15
2017/1/17,48,14,16
2017/1/18,53,22,18
2017/1/19,49,17,13
2017/1/20,47,20,9
2017/1/21,40,19,8
2017/1/22,46,23,9
2017/1/23,57,26,15
2017/1/24,63,26,19
2017/1/25,46,19,15
2017/1/26,48,22,14
2017/1/27,53,28,13
2017/1/28,64,32,21
2017/1/29,62,24,19
2017/1/30,59,19,20
2017/1/31,59,22,19
2017/2/1,61,21,15
2017/2/2,28,9,12
2017/2/3,47,26,19
2017/2/4,61,33,21
2017/2/5,71,37,28
2017/2/6,58,31,16
2017/2/7,44,28,13
2017/2/8,58,29,20
2017/2/9,59,25,15
2017/2/10,62,25,10
2017/2/11,54,28,9
2017/2/12,61,25,11
2017/2/13,69,24,17
2017/2/14,67,20,18
2017/2/15,66,27,22
2017/2/16,67,27,22
2017/2/17,73,27,24
2017/2/18,80,42,25
2017/2/19,63,24,12
2017/2/20,51,23,10
2017/2/21,36,13,7
2017/2/22,26,11,7
2017/2/23,24,8,7
2017/2/24,26,10,7
2017/2/25,35,10,10
2017/2/26,52,20,15
2017/2/27,71,23,19
2017/2/28,69,25,20
2017/3/1,71,18,21
2017/3/2,77,28,25
2017/3/3,60,19,10
2017/3/4,51,16,7
2017/3/5,47,25,10
2017/3/6,42,11,9
2017/3/7,41,11,8
2017/3/8,41,12,9
2017/3/9,32,9,8
2017/3/10,35,11,8
2017/3/11,38,13,8
2017/3/12,48,25,14
2017/3/13,38,10,10
2017/3/14,37,10,11
2017/3/15,36,10,9
2017/3/16,36,10,11
2017/3/17,24,8,7
2017/3/18,21,8,6
2017/3/19,20,6,6
2017/3/20,36,22,9
2017/3/21,38,18,8
2017/3/22,25,9,6
2017/3/23,23,8,6
2017/3/24,32,13,9
2017/3/25,34,13,8
2017/3/26,32,7,13
2017/3/27,43,25,14
2017/3/28,40,16,16
2017/3/29,37,17,11
2017/3/30,19,10,7
2017/3/31,29,15,15
2016/10/1,22,8,11
2016/10/2,26,12,12
2016/10/3,27,12,13
2016/10/4,31,8,19
2016/10/5,30,6,12
2016/10/6,24,9,9
2016/10/7,22,9,9
2016/10/8,23,10,12
2016/10/9,26,12,11
2016/10/10,39,13,16
2016/10/11,45,14,16
2016/10/12,55,21,18
2016/10/13,50,21,14
2016/10/14,45,19,15
2016/10/15,32,4,14
2016/10/16,41,7,18
2016/10/17,66,22,20
2016/10/18,44,14,15
2016/10/19,27,12,12
2016/10/20,27,11,11
2016/10/21,26,11,11
2016/10/22,27,16,9
2016/10/23,40,20,8
2016/10/24,38,12,15
2016/10/25,36,8,11
2016/10/26,31,8,9
2016/10/27,41,14,12
2016/10/28,36,6,12
2016/10/29,27,10,7
2016/10/30,29,9,8
2016/10/31,34,9,8
2016/11/1,25,14,7
2016/11/2,37,11,16
2016/11/3,51,21,21
2016/11/4,68,25,19
2016/11/5,75,21,20
2016/11/6,76,11,21
2016/11/7,35,10,12
2016/11/8,37,9,12
2016/11/9,36,11,13
2016/11/10,35,16,14
2016/11/11,45,15,18
2016/11/12,32,12,11
2016/11/13,46,15,16
2016/11/14,43,14,16
2016/11/15,36,15,15
2016/11/16,46,15,16
2016/11/17,52,16,17
2016/11/18,46,13,15
2016/11/19,49,18,14
2016/11/20,64,15,19
2016/11/21,58,21,13
2016/11/22,62,22,13
2016/11/23,35,11,14
2016/11/24,42,9,19
2016/11/25,36,15,13
2016/11/26,22,15,9
2016/11/27,26,12,10
2016/11/28,41,17,14
2016/11/29,51,21,19
2016/11/30,43,20,16
2016/12/1,47,20,15
2016/12/2,47,19,16
2016/12/3,44,16,15
2016/12/4,42,15,14
2016/12/5,41,12,13
2016/12/6,63,16,16
2016/12/7,68,11,28
2016/12/8,66,23,23
2016/12/9,69,20,20
2016/12/10,78,21,21
2016/12/11,72,17,17
2016/12/12,69,13,24
2016/12/13,66,11,20
2016/12/14,33,10,11
2016/12/15,34,9,15
2016/12/16,47,21,20
2016/12/17,57,23,21
2016/12/18,61,23,23
2016/12/19,60,18,23
2016/12/20,63,15,30
2016/12/21,43,10,15
2016/12/22,40,11,12
2016/12/23,49,14,19
2016/12/24,60,22,26
2016/12/25,57,18,21
2016/12/26,41,15,13
2016/12/27,39,18,11
2016/12/28,60,17,18
2016/12/29,57,19,15
2016/12/30,50,21,11
2016/12/31, , , 
2016/7/30,19,17,15
2016/7/31,24,25,13
2016/8/1,20,26,14
2016/8/2,25,21,14
2016/8/3,26,23,16
2016/8/4,24,22,17
2016/8/5,35,21,20
2016/8/6,25,28,18
2016/8/7,16,3,19
2016/8/8, , , 
2016/8/9,25,20,14
2016/8/10,35,22,17
2016/8/11,37,16,13
2016/8/12,24,17,12
2016/8/13,25,16,13
2016/8/14,28,15,11
2016/8/15,29,12,15
2016/8/16,29,18,14
2016/8/17,40,21,13
2016/8/18,45,17,19
2016/8/19,42,15,18
2016/8/20,37,20,12
2016/8/21,43,30,15
2016/8/22,34,20,14
2016/8/23,34,22,16
2016/8/24,21,25,16
2016/8/25,25,29,19
2016/8/26,22,29,17
2016/8/27,19,21,11
2016/8/28,19,27,19
2016/8/29,23,14,12
2016/8/30,25,7,7
2016/8/31,32,8,6
2016/9/1,36,8,8
2016/9/2,29,9,8
2016/9/3,17,17,7
2016/9/4,16,13,7
2016/9/5,18,9,8
2016/9/6,17,14,7
2016/9/7,21,8,8
2016/9/8,27,13,9
2016/9/9,35,15,12
2016/9/10,26,14,9
2016/9/11,27,9,8
2016/9/12,32,5,10
2016/9/13,32,8,11
2016/9/14,24,11,9
2016/9/15,32,13,10
2016/9/16,28,9,16
2016/9/17,18,13,10
2016/9/18,19,11,9
2016/9/19,25,14,15
2016/9/20,40,3,20
2016/9/21,29,7,15
2016/9/22,35,13,15
2016/9/23,37,9,18
2016/9/24,38,18,15
2016/9/25,20,19,10
2016/9/26,29,18,11
2016/9/27,21,10,11
2016/9/28,22,18,9
2016/9/29,22,16,9
2016/9/30,21,15,11
2020/3/31,31,1,2
2019/12/31,36,11,11
2018/12/31,38,25,16
2017/10/7,42,13,16
2017/9/8,19,7,7
2017/1/1,30,18,9
2016/7/1,23,12,16
2016/7/2,24,14,14
2016/7/3,34,14,14
2016/7/4,38,25,16
2016/7/5,38,17,18
2016/7/6,25,11,17
2016/7/7,20,16,12
2016/7/8,19,24,15
2016/7/9,20,16,15
2016/7/10,21,15,10
2016/7/11,32,20,17
2016/7/12,39,26,14
2016/7/13,35,11,16
2016/7/14,32,25,11
2016/7/15,34,24,9
2016/7/16,32,31,11
2016/7/17,24,36,13
2016/7/18,24,32,13
2016/7/19,18,29,11
2016/7/20,17,30,11
2016/7/21,15,22,10
2016/7/22,18,25,13
2016/7/23,18,28,11
2016/7/24,21,19,14
2016/7/25,31,42,25
2016/7/26,21,28,17
2016/7/27,18,17,17
2016/7/28,21,28,17
2016/7/29,22,20,18
2016/4/1,54,35,10
2016/4/2,40,29,8
2016/4/3,33,31,9
2016/4/4,36,26,9
2016/4/5,32,40,7
2016/4/6,37,27,7
2016/4/7,37,30,7
2016/4/8,32,26,5
2016/4/9,26,34,5
2016/4/10,31,51,7
2016/4/11,44,49,8
2016/4/12,54,39,6
2016/4/13,57,43,5
2016/4/14,58,35,3
2016/4/15,50,36,5
2016/4/16,47,26,4
2016/4/17,42,21,6
2016/4/18,38,24,6
2016/4/19,31,20,6
2016/4/20,24,22,8
2016/4/21,28,39,7
2016/4/22,37,33,4
2016/4/23,36,38,4
2016/4/24,33,31,4
2016/4/25,32,34,5
2016/4/26,29,39,6
2016/4/27,35,32,5
2016/4/28,38,30,7
2016/4/29,34,24,12
2016/4/30,25,41,16
2016/5/1,25,27,5
2016/5/2,17,25,8
2016/5/3,17,22,6
2016/5/4,16,36,6
2016/5/5,17,30,5
2016/5/6,20,27,6
2016/5/7,14,24,2
2016/5/8,13,23,5
2016/5/9,12,21,7
2016/5/10,14,32,10
2016/5/11,19,35,8
2016/5/12,30,36,9
2016/5/13,26,81,13
2016/5/14,25,36,8
2016/5/15,17,17,37
2016/5/16,39,65,25
2016/5/17,32,40,13
2016/5/18,20,52,12
2016/5/19,22,43,14
2016/5/20,17,30,10
2016/5/21,13,26,10
2016/5/22,11,38,16
2016/5/23,20,47,14
2016/5/24,22,37,14
2016/5/25,25,43,13
2016/5/26,23,35,13
2016/5/27,25,38,12
2016/5/28,26,31,11
2016/5/29,28,26,13
2016/5/30,35,21,14
2016/5/31,24,7,14
2016/6/1,24,16,13
2016/6/2,21,16,11
2016/6/3,18,22,16
2016/6/4,24,31,13
2016/6/5,23,28,15
2016/6/6,28,31,12
2016/6/7,23,25,13
2016/6/8,25,20,12
2016/6/9,23,17,11
2016/6/10,23,16,10
2016/6/11,25,17,9
2016/6/12,21,17,10
2016/6/13,19,14,10
2016/6/14,16,12,10
2016/6/15,16,7,14
2016/6/16,19,8,16
2016/6/17,19,18,20
2016/6/18,25,30,13
2016/6/19,27,20,21
2016/6/20,30,25,21
2016/6/21,25,39,18
2016/6/22,19,15,18
2016/6/23,23,14,13
2016/6/24,18,18,9
2016/6/25,16,19,13
2016/6/26,18,15,20
2016/6/27,25,19,15
2016/6/28,21,22,16
2016/6/29,18,18,19
2016/6/30,22,10,14
2016/1/4,60,56,29
2016/1/5,54,50,31
2016/1/6,58,49,23
2016/1/7,55,19,31
2016/1/8,51,19,15
2016/1/9,32,32,10
2016/1/10,26,35,17
2016/1/11,35,31,21
2016/1/12,37,25,17
2016/1/13,35,23,12
2016/1/14,33,16,9
2016/1/15,19,15,11
2016/1/16,23,16,9
2016/1/17,17,22,13
2016/1/18,23,14,13
2016/1/19,19,19,14
2016/1/20,23,23,16
2016/1/21,32,28,17
2016/1/22,31,29,15
2016/1/23,34,21,15
2016/1/24,29,16,21
2016/1/25,32,34,18
2016/1/26,44,33,22
2016/1/27,40,50,34
2016/1/28,51,44,37
2016/1/29,61,37,18
2016/1/30,46,21,10
2016/1/31,26,33,16
2016/2/1,34,28,19
2016/2/2,39,41,24
2016/2/3,44,44,32
2016/2/4,59,45,37
2016/2/5,60,38,19
2016/2/6,52,50,16
2016/2/7,62,47,29
2016/2/8,70,52,43
2016/2/9,75,43,52
2016/2/10,80,41,29
2016/2/11,61,40,19
2016/2/12,53,26,17
2016/2/13,39,32,14
2016/2/14,35,34,13
2016/2/15,32,24,14
2016/2/16,30,49,17
2016/2/17,49,54,15
2016/2/18,57,37,15
2016/2/19,53,35,13
2016/2/20,52,38,9
2016/2/21,46,35,9
2016/2/22,49,37,11
2016/2/23,49,37,13
2016/2/24,51,45,17
2016/2/25,53,42,18
2016/2/26,52,52,25
2016/2/27,59,61,33
2016/2/28,68,62,27
2016/2/29,66,55,29
2016/3/1,65,74,32
2016/3/2,80,79,32
2016/3/3,80,47,12
2016/3/4,60,28,8
2016/3/5,43,29,8
2016/3/6,39,28,9
2016/3/7,45,30,9
2016/3/8,40,29,9
2016/3/9,39,29,11
2016/3/10,40,31,11
2016/3/11,35,27,8
2016/3/12,36,17,6
2016/3/13,24,22,9
2016/3/14,26,22,9
2016/3/15,30,29,9
2016/3/16,40,34,10
2016/3/17,37,27,9
2016/3/18,40,31,9
2016/3/19,43,31,7
2016/3/20,41,30,9
2016/3/21,35,34,9
2016/3/22,42,61,12
2016/3/23,60,96,17
2016/3/24,66,36,12
2016/3/25,52,61,12
2016/3/26,56,29,16
2016/3/27,44,58,21
2016/3/28,61,44,18
2016/3/29,56,40,16
2016/3/30,54,39,11
2016/3/31,60,39,9
2015/10/1,27,6,27
2015/10/2,28,7,28
2015/10/3,25,7,19
2015/10/4,20,7,12
2015/10/5,18,7,14
2015/10/6,21,19,17
2015/10/7,26,18,13
2015/10/8,21,5,15
2015/10/9,21,12,15
2015/10/10,24,15,13
2015/10/11,20,17,16
2015/10/12,20,22,19
2015/10/13,26,36,17
2015/10/14,29,34,19
2015/10/15,31,31,23
2015/10/16,33,36,28
2015/10/17,39,39,18
2015/10/18,38,32,22
2015/10/19,42,29,18
2015/10/20,42,34,18
2015/10/21,31,18,29
2015/10/22,37,31,35
2015/10/23,52,28,20
2015/10/24,50,45,18
2015/10/25,40,32,19
2015/10/26,43,23,21
2015/10/27,39,29,22
2015/10/28,39,24,29
2015/10/29,39,25,21
2015/10/30,35,24,18
2015/10/31,29,32,16
2015/11/1,28,25,17
2015/11/2,29,29,22
2015/11/3,34,40,26
2015/11/4,43,30,29
2015/11/5,41,25,31
2015/11/6,45,14,18
2015/11/7,19,16,18
2015/11/8,30,20,23
2015/11/9,29,19,22
2015/11/10,35,22,18
2015/11/11,31,23,22
2015/11/12,31,15,32
2015/11/13,38,14,30
2015/11/14,38,16,25
2015/11/15,42,15,30
2015/11/16,39,24,18
2015/11/17,28,30,20
2015/11/18,32,26,26
2015/11/19,46,18,27
2015/11/20,39,21,24
2015/11/21,40,28,17
2015/11/22,37,26,22
2015/11/23,41,28,24
2015/11/24,44,28,17
2015/11/25,36,29,17
2015/11/26,32,30,14
2015/11/27,27,31,22
2015/11/28,36,40,23
2015/11/29,43,34,29
2015/11/30,49,40,20
2015/12/1,47,31,12
2015/12/2,27,34,17
2015/12/3,27,29,25
2015/12/4,37,33,22
2015/12/5,40,30,13
2015/12/6,38,38,19
2015/12/7,37,41,27
2015/12/8,45,42,31
2015/12/9,53,76,34
2015/12/10,62,71,20
2015/12/11,52,26,15
2015/12/12,26,27,15
2015/12/13,27,59,28
2015/12/14,51,55,38
2015/12/15,76,35,23
2015/12/16,51,34,12
2015/12/17,33,34,23
2015/12/18,43,35,33
2015/12/19,52,43,31
2015/12/20,56,47,26
2015/12/21,59,35,24
2015/12/22,58,23,30
2015/12/23,60,40,18
2015/12/24,46,29,16
2015/12/25,35,37,19
2015/12/26,40,38,22
2015/12/27,43,31,21
2015/12/28,50,32,22
2015/12/29,44,32,22
2015/12/30,46, , 
2016/1/3,44,66,34
2015/7/1,22,21,8
2015/7/2,25,20,7
2015/7/3,24,21,7
2015/7/4,32,23,6
2015/7/5,20,25,8
2015/7/6,23,23,8
2015/7/7,39,20,9
2015/7/8,47,14,8
2015/7/9,53,18,8
2015/7/10,47,24,7
2015/7/11,37,26,7
2015/7/12,18,27,7
2015/7/13,27,19,7
2015/7/14,31,17,7
2015/7/15,21,16,6
2015/7/16,15,13,7
2015/7/17,16,14,5
2015/7/18,14,13,6
2015/7/19,15,11,6
2015/7/20,17,17,6
2015/7/21,16,19,8
2015/7/22,20,23,7
2015/7/23,18,32,9
2015/7/24,24,29,8
2015/7/25,29,18,6
2015/7/26,28,12,9
2015/7/27,29,12,7
2015/7/28,24,14,11
2015/7/29,22,19,10
2015/7/30,22,18,9
2015/7/31,19,19,11
2015/8/1,17,11,9
2015/8/2,19,12,11
2015/8/3,23,20,10
2015/8/4,23,26,11
2015/8/5,19,23,11
2015/8/6,17,31,14
2015/8/7,23,25,12
2015/8/8,19,28,11
2015/8/9,21,28,13
2015/8/10,23,30,13
2015/8/11,22,21,11
2015/8/12,26,19,17
2015/8/13,27,37,14
2015/8/14,24,24,12
2015/8/15,22,33,10
2015/8/16,26,24,10
2015/8/17,23,19,12
2015/8/18,23,18,9
2015/8/19,20,27,10
2015/8/20,19,18,12
2015/8/21,16,21,10
2015/8/22,14,21,11
2015/8/23,16,19,10
2015/8/24,17,18,9
2015/8/25,17,19,11
2015/8/26,16,22,12
2015/8/27,18,21,13
2015/8/28,21,22,12
2015/8/29,17,23,9
2015/8/30,16,22,11
2015/8/31,18,15,12
2015/9/1,16,22,11
2015/9/2,15,30,13
2015/9/3,20,31,17
2015/9/4,23,23,15
2015/9/5,20,27,12
2015/9/6,15,17,11
2015/9/7,14,16,10
2015/9/8,14,23,12
2015/9/9,15,10,20
2015/9/10,22,13,19
2015/9/11,21,22,14
2015/9/12,22,20,11
2015/9/13,19,13,10
2015/9/14,14,7,13
2015/9/15,19,17,13
2015/9/16,14,7,15
2015/9/17,16,14,10
2015/9/18,16,38,17
2015/9/19,25,34,25
2015/9/20,56,27,20
2015/9/21,53,17,13
2015/9/22,30,12,14
2015/9/23,22,16,11
2015/9/24,17,19,13
2015/9/25,16,18,15
2015/9/26,15,28,13
2015/9/27,19,23,16
2015/9/28,19,24,20
2015/9/29,23,34,24
2015/9/30,32,17,25
2015/4/1,34,44,12
2015/4/2,38,47,17
2015/4/3,41,36,13
2015/4/4,49,26,8
2015/4/5,45,24,10
2015/4/6,32,26,11
2015/4/7,35,16,25
2015/4/8,37,22,25
2015/4/9,48,26,15
2015/4/10,32,22,15
2015/4/11,31,35,16
2015/4/12,30,31,28
2015/4/13,46,52,23
2015/4/14,52,61,23
2015/4/15,63,47,16
2015/4/16,58,26,11
2015/4/17,48,21,9
2015/4/18,38,24,9
2015/4/19,27,30,13
2015/4/20,30,45,15
2015/4/21,37,64,17
2015/4/22,39,36,20
2015/4/23,38,64,34
2015/4/24,39,29,36
2015/4/25,45,57,28
2015/4/26,46,42,28
2015/4/27,37,27,16
2015/4/28,38,25,15
2015/4/29,28,34,16
2015/4/30,29,30,13
2015/5/1,33,29,13
2015/5/2,27,28,12
2015/5/3,31,15,14
2015/5/4,34,16,16
2015/5/5,34,22,16
2015/5/6,31,23,12
2015/5/7,23,23,13
2015/5/8,25,29,10
2015/5/9,26,30,8
2015/5/10,29,20,10
2015/5/11,24,17,8
2015/5/12,25,11,11
2015/5/13,23,18,12
2015/5/14,22,32,17
2015/5/15,20,19,13
2015/5/16,18,24,11
2015/5/17,19,29,12
2015/5/18,17,29,11
2015/5/19,19,24,12
2015/5/20,18,19,11
2015/5/21,16,15,9
2015/5/22,14,21,10
2015/5/23,16,24,10
2015/5/24,21,36,11
2015/5/25,22,23,12
2015/5/26,25,35,14
2015/5/27,25,27,12
2015/5/28,21,24,10
2015/5/29,20,37,11
2015/5/30,21,26,8
2015/5/31,22,31,7
2015/6/1,18,31,10
2015/6/2,23,17,18
2015/6/3,27,16,9
2015/6/4,20,29,12
2015/6/5,24,46,12
2015/6/6,24,33,10
2015/6/7,19,25,15
2015/6/8,22,24,13
2015/6/9,21,28,12
2015/6/10,20,23,9
2015/6/11,20,23,11
2015/6/12,19,25,13
2015/6/13,22,25,9
2015/6/14,20,23,10
2015/6/15,22,10,8
2015/6/16,22,14,12
2015/6/17,18,21,13
2015/6/18,19,27,13
2015/6/19,26,24,13
2015/6/20,23,22,8
2015/6/21,19,17,8
2015/6/22,27,16,9
2015/6/23,27,16,7
2015/6/24,21,17,7
2015/6/25,15,21,9
2015/6/26,18,18,9
2015/6/27,15,18,7
2015/6/28,17,32,9
2015/6/29,20,21,11
2015/6/30,22,24,7
2015/1/1,46,57,24
2015/1/2,42,56,35
2015/1/3,56,72,39
2015/1/4,59,73,53
2015/1/5,66,50,36
2015/1/6,61,27,28
2015/1/7,48,16,21
2015/1/8,35,36,19
2015/1/9,43,21,26
2015/1/10,48,33,16
2015/1/11,54,25,24
2015/1/12,49,39,29
2015/1/13,50,42,35
2015/1/14,55,46,39
2015/1/15,65,53,46
2015/1/16,72,45,26
2015/1/17,64,51,31
2015/1/18,67,43,28
2015/1/19,62,53,34
2015/1/20,63,50,51
2015/1/21,71,52,62
2015/1/22,78,56,45
2015/1/23,79,45,28
2015/1/24,60,53,22
2015/1/25,59,46,24
2015/1/26,56,75,31
2015/1/27,59,57,25
2015/1/28,68,53,21
2015/1/29,62,43,20
2015/1/30,58,28,21
2015/1/31,54,39,29
2015/2/1,60,39,32
2015/2/2,63,38,37
2015/2/3,57,45,40
2015/2/4,61,44,30
2015/2/5,56,49,25
2015/2/6,63,66,31
2015/2/7,64,61,30
2015/2/8,66,40,32
2015/2/9,65,53,39
2015/2/10,62,61,42
2015/2/11,76,35,15
2015/2/12,63,36,12
2015/2/13,54,38,13
2015/2/14,48,31,15
2015/2/15,49,32,15
2015/2/16,47,32,16
2015/2/17,42,25,15
2015/2/18,42,21,17
2015/2/19,35,23,20
2015/2/20,37,15,15
2015/2/21,28,21,13
2015/2/22,25,21,17
2015/2/23,26,28,19
2015/2/24,33,24,16
2015/2/25,33,27,19
2015/2/26,27,27,20
2015/2/27,30,28,22
2015/2/28,32,21,24
2015/3/1,25,9,25
2015/3/2,27,17,14
2015/3/3,35,24,10
2015/3/4,35,25,12
2015/3/5,41,21,10
2015/3/6,38,23,10
2015/3/7,33,18,10
2015/3/8,26,25,11
2015/3/9,25,31,9
2015/3/10,28,25,12
2015/3/11,33,30,15
2015/3/12,36,32,12
2015/3/13,41, , 
2015/3/16,32,27,12
2015/3/17,35,25,11
2015/3/18,38,30,11
2015/3/19,32,34,10
2015/3/20,36,22,10
2015/3/21,41,35,14
2015/3/22,36,27,13
2015/3/23,37,24,27
2015/3/24,39,65,20
2015/3/25,55,42,27
2015/3/26,46,46,27
2015/3/27,54,59,32
2015/3/28,55,55,21
2015/3/29,43,23,13
2015/3/30,35,22,10
2015/3/31,32,31,10
2014/10/1,32,18,27
2014/10/2,26,36,35
2014/10/3,28,26,37
2014/10/4,44,22,22
2014/10/5,33,14,24
2014/10/6,22,25,17
2014/10/7,23,14,20
2014/10/8,29,21,29
2014/10/9,21,23,18
2014/10/10,31,16,14
2014/10/11,17,30,25
2014/10/12,27,36,29
2014/10/13,57,36,26
2014/10/14,54,49,29
2014/10/15,58,67,34
2014/10/16,69,49,31
2014/10/17,69,43,29
2014/10/18,53,25,19
2014/10/19,41,20,19
2014/10/20,28,23,29
2014/10/21,25,18,30
2014/10/22,38,17,21
2014/10/23,38,10,27
2014/10/24,30,16,24
2014/10/25,29,24,20
2014/10/26,21,24,27
2014/10/27,30,36,26
2014/10/28,28,21,28
2014/10/29,29,37,39
2014/10/30,34,30,32
2014/10/31,51,19,23
2014/11/1,34,23,25
2014/11/2,28,21,21
2014/11/3,27,13,23
2014/11/4,28,16,27
2014/11/5,27,22,25
2014/11/6,47,17,31
2014/11/7,38,18,27
2014/11/8,37,23,23
2014/11/9,43,31,26
2014/11/10,41,40,36
2014/11/11,44,33,35
2014/11/12,54,29,25
2014/11/13,44,30,23
2014/11/14,26,40,30
2014/11/15,39,33,29
2014/11/16,44,32,28
2014/11/17,43,37,19
2014/11/18,39,53,25
2014/11/19,43,49,36
2014/11/20,55,49,35
2014/11/21,61,43,33
2014/11/22,59,39,36
2014/11/23,59,42,35
2014/11/24,55,46,33
2014/11/25,60,54,36
2014/11/26,60,35,34
2014/11/27,53,20,45
2014/11/28,46,35,50
2014/11/29,70, , 
2014/12/1,51,10,36
2014/12/2,37,25,32
2014/12/3,34,27,38
2014/12/4,43,13,27
2014/12/5,37,27,35
2014/12/6,35,34,37
2014/12/7,44,23,35
2014/12/8,48,38,33
2014/12/9,37,40,29
2014/12/10,43,33,32
2014/12/11,41,44,27
2014/12/12,44,29,31
2014/12/13,46,50,35
2014/12/14,48,51,42
2014/12/15,58,32,36
2014/12/16,62,36,20
2014/12/17,52,45,32
2014/12/18,55,42,40
2014/12/19,60,44,40
2014/12/20,68,35,33
2014/12/21,63,50,26
2014/12/22,54,49,39
2014/12/23,65,44,38
2014/12/24,70,48,29
2014/12/25,63,45,35
2014/12/26,58,31,37
2014/12/27,55,27,21
2014/12/28,40, , 
2014/7/1,37,22,17
2014/7/2,35,23,17
2014/7/3,30,25,16
2014/7/4,26,19,15
2014/7/5,23,20,13
2014/7/6,22,17,14
2014/7/7,18,12,13
2014/7/8,18,13,15
2014/7/9,17,11,15
2014/7/10,17,15,12
2014/7/11,24,15,11
2014/7/12,26,25,14
2014/7/13,21,13,21
2014/7/14,22,14,18
2014/7/15,25,20,21
2014/7/16,24,18,16
2014/7/17,23,13,17
2014/7/18,21,9,15
2014/7/19,21,12,15
2014/7/20,27,16,18
2014/7/21,38,18,18
2014/7/22,33,24,19
2014/7/23,24,15,18
2014/7/24,26,14,19
2014/7/25,30,14,19
2014/7/26,33,16,18
2014/7/27,25,8,20
2014/7/28,25,17,20
2014/7/29,34,20,18
2014/7/30,41,14,18
2014/7/31,43,16,17
2014/8/1,42,10,16
2014/8/2,39,11,13
2014/8/3,39,10,14
2014/8/4,34,10,14
2014/8/5,26,12,13
2014/8/6,25,10,12
2014/8/7,27,14,11
2014/8/8,23,15,12
2014/8/9,21,13,11
2014/8/10,23,18,11
2014/8/11,21,17,11
2014/8/12,26,17,11
2014/8/13,24,12,13
2014/8/14,22,11,13
2014/8/15,24,19,18
2014/8/16,31,5,13
2014/8/17,31,24,21
2014/8/18,21,20,18
2014/8/19,25,17,23
2014/8/20,28,16,20
2014/8/21,26,15,25
2014/8/22,28,16,24
2014/8/23,39,21,16
2014/8/24,32,20,19
2014/8/25,25,19,17
2014/8/26,31,34,22
2014/8/27,25,20,17
2014/8/28,27,16,14
2014/8/29,22,13,16
2014/8/30,24,11,13
2014/8/31,21,13,12
2014/9/1,21,10,13
2014/9/2,21,11,16
2014/9/3,24,15,15
2014/9/4,29,15,14
2014/9/5,24,19,14
2014/9/6,22,17,14
2014/9/7,21,18,13
2014/9/8,21,23,15
2014/9/9,20,18,16
2014/9/10,21,21,20
2014/9/11,23,17,18
2014/9/12,26,19,15
2014/9/13,26,21,13
2014/9/14,25,17,15
2014/9/15,25,13,21
2014/9/16,29,15,15
2014/9/17,22,11,15
2014/9/18,17,15,19
2014/9/19,22,29,19
2014/9/20,24,29,15
2014/9/21,24,21,19
2014/9/22,25,20,16
2014/9/23,30,15,21
2014/9/24,27,21,28
2014/9/25,27,30,21
2014/9/26,28,31,25
2014/9/27,28,4,18
2014/9/28,18,28,35
2014/9/29,32,21,32
2014/9/30,26,45,31
2014/4/1,30,23,15
2014/4/2,38,23,12
2014/4/3,39,25,14
2014/4/4,36,43,21
2014/4/5,47,34,18
2014/4/6,48,35,12
2014/4/7,34,66,20
2014/4/8,46,65,25
2014/4/9,62,44,24
2014/4/10,67,29,25
2014/4/11,66,46,25
2014/4/12,65,47,23
2014/4/13,61,43,19
2014/4/14,57,58,21
2014/4/15,42,32,16
2014/4/16,41,31,18
2014/4/17,36,25,16
2014/4/18,37,20,18
2014/4/19,34,24,15
2014/4/20,27,23,16
2014/4/21,28,26,15
2014/4/22,27,28,17
2014/4/23,33,18,17
2014/4/24,38,22,18
2014/4/25,34,17,19
2014/4/26,34,22,13
2014/4/27,30,18,23
2014/4/28,28,17,22
2014/4/29,33,22,20
2014/4/30,31,19,12
2014/5/1,32,29,21
2014/5/2,35,21,15
2014/5/3,37,31,21
2014/5/4,26,22,19
2014/5/5,21,32,24
2014/5/6,34,27,27
2014/5/7,33,23,23
2014/5/8,41,19,10
2014/5/9,32,33,12
2014/5/10,34,27,15
2014/5/11,33,34,13
2014/5/12,22,24,13
2014/5/13,20,32,18
2014/5/14,22,35,16
2014/5/15,20,33,17
2014/5/16,20,28,15
2014/5/17,27,13,19
2014/5/18,26,32,19
2014/5/19,24,38,17
2014/5/20,26,36,16
2014/5/21,23,18,15
2014/5/22,25,16,14
2014/5/23,25,36,19
2014/5/24,24,24,22
2014/5/25,28,34,27
2014/5/26,35,15,19
2014/5/27,39,25,22
2014/5/28,27,35,20
2014/5/29,27,43,18
2014/5/30,27,40,16
2014/5/31,23,18,16
2014/6/1,25,34,18
2014/6/2,19,37,15
2014/6/3,21,24,17
2014/6/4,22,10,17
2014/6/5,25,15,18
2014/6/6,24,15,15
2014/6/7,22,10,14
2014/6/8,25,12,14
2014/6/9,23,12,15
2014/6/10,27,9,13
2014/6/11,27,15,15
2014/6/12,24,16,16
2014/6/13,23,14,13
2014/6/14,19,13,11
2014/6/15,21,15,12
2014/6/16,31,19,16
2014/6/17,28,11,15
2014/6/18,31,15,14
2014/6/19,38,15,16
2014/6/20,45,10,18
2014/6/21,53,13,16
2014/6/22,54,16,19
2014/6/23,38,17,17
2014/6/24,31,9,14
2014/6/25,26,6,13
2014/6/26,31,9,21
2014/6/27,40,13,16
2014/6/28,40,14,12
2014/6/29,38,14,19
2014/6/30,41,11,17
2014/1/1,84,90,48
2014/1/2,84,119,63
2014/1/3,103,95,57
2014/1/4,101,52,34
2014/1/5,95,69,52
2014/1/6,78,61,46
2014/1/7,88,64,55
2014/1/8,79,36,47
2014/1/9,95,38,33
2014/1/10,67,48,33
2014/1/11,67,49,30
2014/1/12,64,40,24
2014/1/13,60,44,23
2014/1/14,54,46,28
2014/1/15,59,49,38
2014/1/16,65,50,43
2014/1/17,72,44,25
2014/1/18,65,69,23
2014/1/19,69,68,39
2014/1/20,81,27,37
2014/1/21,79,62,18
2014/1/22,80,58,45
2014/1/23,95,79,47
2014/1/24,92,4,72
2014/1/25,107, , 
2014/1/27,128,57,42
2014/1/28,94,49,52
2014/1/29,74,43,48
2014/1/30,81,44,31
2014/1/31,72,48,31
2014/2/1,64,49,29
2014/2/2,59,66,37
2014/2/3,59,32,21
2014/2/4,64,32,25
2014/2/5,55,35,26
2014/2/6,52,23,20
2014/2/7,45,21,17
2014/2/8,40,42,20
2014/2/9,37,46,33
2014/2/10,45,21,22
2014/2/11,55,22,20
2014/2/12,41,20,22
2014/2/13,44,31,22
2014/2/14,46,17,19
2014/2/15,42,32,20
2014/2/16,42,34,22
2014/2/17,49,31,25
2014/2/18,50,35,23
2014/2/19,52,37,22
2014/2/20,56,37,32
2014/2/21,65,71,39
2014/2/22,75,53,22
2014/2/23,56,44,23
2014/2/24,50,38,26
2014/2/25,49,37,24
2014/2/26,52,33,23
2014/2/27,52,30,26
2014/2/28,48,32,22
2014/3/1,44,38,19
2014/3/2,45,37,24
2014/3/3,46,45,16
2014/3/4,50,39,21
2014/3/5,49,36,18
2014/3/6,51,34,18
2014/3/7,46,34,18
2014/3/8,44,28,16
2014/3/9,46,30,19
2014/3/10,46,34,21
2014/3/11,41,30,17
2014/3/12,42,26,20
2014/3/13,48,31,23
2014/3/14,50,32,22
2014/3/15,43,4,22
2014/3/16,43,48,14
2014/3/17,53,26,14
2014/3/18,41,17,19
2014/3/19,34,32,23
2014/3/20,45,42,23
2014/3/21,52,12,23
2014/3/22,55,55,28
2014/3/23,54,51,28
2014/3/24,58,41,23
2014/3/25,51,35,23
2014/3/26,42,25,27
2014/3/27,42,21,29
2014/3/28,46,24,26
2014/3/29,46,14,16
2014/3/30,33,9,18
2014/3/31,21,16,17
2016/1/2, ,63,27
2014/12/31, ,38,23
2015/3/15, ,23,13
2014/11/30, ,40,36
2013/12/31, ,68,33
2014/1/26, ,54,53
2016/1/1, , ,23
