DATE,rain,temp
8/3/2013,11.57464789,21
8/4/2013,11.57464789,21.5
8/5/2013,11.57464789,24.4
8/6/2013,11.57464789,27.9
8/7/2013,11.57464789,26.9
8/8/2013,11.57464789,27.7
8/9/2013,11.57464789,16.3
8/10/2013,11.57464789,14.4
8/11/2013,11.57464789,15.9
8/12/2013,11.57464789,21.4
8/13/2013,11.57464789,21.1
8/14/2013,11.57464789,13.2
8/15/2013,11.57464789,11.5
8/16/2013,11.57464789,16.4
8/17/2013,11.57464789,19.2
8/18/2013,11.57464789,19.7
8/19/2013,11.57464789,23.6
8/20/2013,11.57464789,27.4
8/21/2013,11.57464789,29.8
8/22/2013,11.57464789,26.9
8/23/2013,11.57464789,20.2
8/24/2013,11.57464789,13
8/25/2013,11.57464789,9.8
8/26/2013,11.57464789,9.7
8/27/2013,11.57464789,9.9
8/28/2013,11.57464789,14.4
8/29/2013,11.57464789,18.2
8/30/2013,11.57464789,22.2
8/31/2013,11.57464789,29.6
9/1/2013,11.57464789,29.3
9/2/2013,22.4,27.6
9/3/2013,0,26.2
9/4/2013,11.57464789,21.6
9/5/2013,11.57464789,25.8
9/6/2013,11.57464789,28.8
9/7/2013,11.57464789,29.8
9/8/2013,11.57464789,28.4
9/9/2013,0.3,26.3
9/10/2013,0,28.9
9/11/2013,11.57464789,29.8
9/12/2013,11.57464789,28.6
9/13/2013,11.57464789,30.4
9/14/2013,11.57464789,24.9
9/15/2013,1.5,23.3
9/16/2013,0.3,17.3
9/17/2013,2.8,14.6
9/18/2013,0,17.1
9/19/2013,11.57464789,20.6
9/20/2013,11.57464789,25.2
9/21/2013,11.57464789,31.2
9/22/2013,11.57464789,23.3
9/23/2013,1.5,16
9/24/2013,0,17.4
9/25/2013,11.57464789,15.4
9/26/2013,11.57464789,19.8
9/27/2013,11.57464789,25.3
9/28/2013,11.57464789,30.8
9/29/2013,11.57464789,27.2
9/30/2013,11.57464789,20.2
10/1/2013,11.57464789,16.2
10/2/2013,11.57464789,19.8
10/3/2013,11.57464789,24
10/4/2013,5.6,21.8
10/5/2013,1.3,20.7
10/6/2013,0,22.1
10/7/2013,11.57464789,23.3
10/8/2013,11.57464789,27.6
10/9/2013,11.57464789,29.7
10/10/2013,11.57464789,26.8
10/11/2013,42.2,22.1
10/12/2013,0,25.4
10/13/2013,58.4,23.2
10/14/2013,0,24.1
10/15/2013,5.3,22.8
10/16/2013,3.3,23.8
10/17/2013,0,27.3
10/18/2013,11.57464789,26.5
10/19/2013,11.57464789,26.3
10/20/2013,11.57464789,30
10/21/2013,11.57464789,31.8
10/22/2013,0.5,24.7
10/23/2013,0,30.6
10/24/2013,11.57464789,29.5
10/25/2013,42.9,24.8
10/26/2013,0,27.6
10/27/2013,37.3,26.9
10/28/2013,0,26.1
10/29/2013,11.57464789,29.1
10/30/2013,11.57464789,29.7
10/31/2013,18.3,27.1
11/1/2013,0,29.9
11/2/2013,11.57464789,26.8
11/3/2013,11.57464789,22.2
11/4/2013,1,22.8
11/5/2013,0,23.7
11/6/2013,11.57464789,26
11/7/2013,11.57464789,27.8
11/8/2013,11.57464789,29.2
11/9/2013,11.57464789,30
11/10/2013,11.57464789,31.2
11/11/2013,11.57464789,27.7
11/12/2013,11.57464789,23.8
11/13/2013,11.57464789,25.9
11/14/2013,11.57464789,28.9
11/15/2013,11.57464789,31.7
11/16/2013,32,23.6
11/17/2013,1,24.3
11/18/2013,0,28.8
11/19/2013,11.57464789,30.1
11/20/2013,92.2,26
11/21/2013,23.9,25
11/22/2013,0,26.3
11/23/2013,11.57464789,27.5
11/24/2013,11.57464789,28.9
11/25/2013,11.57464789,29.7
11/26/2013,11.57464789,30.7
11/27/2013,11.57464789,30.6
11/28/2013,11.57464789,31.4
11/29/2013,11.57464789,27.7
11/30/2013,11.57464789,27.9
12/1/2013,11.57464789,29.4
12/2/2013,11.57464789,30.1
12/3/2013,11.57464789,30.6
12/4/2013,32.5,28.3
12/5/2013,0,32.5
12/6/2013,19.3,28.3
12/7/2013,12.4,26.4
12/8/2013,0,29.7
12/9/2013,11.57464789,30.8
12/10/2013,13.5,26.3
12/11/2013,0,27.3
12/12/2013,11.57464789,27.1
12/13/2013,11.57464789,29.3
12/14/2013,11.57464789,29.1
12/15/2013,11.57464789,29.8
12/16/2013,11.57464789,28.4
12/17/2013,11.57464789,28.6
12/18/2013,11.57464789,30.7
12/19/2013,11.57464789,28.4
12/20/2013,11.57464789,28
12/21/2013,11.57464789,30.1
12/22/2013,11.57464789,28.4
12/23/2013,11.57464789,28
12/24/2013,11.57464789,30
12/25/2013,11.57464789,29.7
12/26/2013,11.57464789,29.8
12/27/2013,11.57464789,30.6
12/28/2013,26.4,27.8
12/29/2013,23.9,26.6
12/30/2013,2,27
12/31/2013,3.3,27.5
1/1/2014,138.4,25.2
1/2/2014,16,29
1/3/2014,0,29.3
1/4/2014,41.4,25.1
1/5/2014,20.8,28.1
1/6/2014,0,29
1/7/2014,11.57464789,28.2
1/8/2014,11.57464789,28.1
1/9/2014,2,28.6
1/10/2014,0,29.9
1/11/2014,11.57464789,30.6
1/12/2014,79.2,25.3
1/13/2014,2.3,27.8
1/14/2014,8.4,27.3
1/15/2014,21.3,26.8
1/16/2014,33.3,27.1
1/17/2014,0,25.9
1/18/2014,26.7,27.6
1/19/2014,0,28.8
1/20/2014,11.57464789,28.8
1/21/2014,1,28.2
1/22/2014,0,29.9
1/23/2014,3,30.6
1/24/2014,0,29.1
1/25/2014,11.57464789,27.3
1/26/2014,11.57464789,23.3
1/27/2014,11.57464789,27
1/28/2014,11.57464789,27.8
1/29/2014,11.57464789,29.3
1/30/2014,11.57464789,28.3
1/31/2014,11.57464789,28.5
2/1/2014,11.57464789,29.6
2/2/2014,11.57464789,30.6
2/3/2014,2,30.1
2/4/2014,0,30.4
2/5/2014,11.57464789,29.6
2/6/2014,11.57464789,31.2
2/7/2014,11.57464789,30.1
2/8/2014,11.57464789,28.9
2/9/2014,11.57464789,30.9
2/10/2014,11.57464789,28.9
2/11/2014,1,28.2
2/12/2014,2,28.8
2/13/2014,0,26.8
2/14/2014,19.8,26.3
2/15/2014,0,26.9
2/16/2014,2,26.8
2/17/2014,0,28.2
2/18/2014,11.57464789,27.6
2/19/2014,11.57464789,29.1
2/20/2014,8.4,28.6
2/21/2014,0,28.5
2/22/2014,11.57464789,28.7
2/23/2014,11.57464789,28.9
2/24/2014,11.57464789,28.2
2/25/2014,11.57464789,27.8
2/26/2014,11.57464789,27.5
2/27/2014,0.8,22.3
2/28/2014,0,23.1
3/1/2014,11.57464789,26.2
3/2/2014,11.57464789,26.9
3/3/2014,38.9,24.1
3/4/2014,35.3,24.6
3/5/2014,0.8,27.3
3/6/2014,0,29.3
3/7/2014,11.57464789,28.8
3/8/2014,11.57464789,27.3
3/9/2014,11.57464789,28.6
3/10/2014,11.57464789,24.6
3/11/2014,58.2,23.3
3/12/2014,3.3,24.8
3/13/2014,0,28.1
3/14/2014,11.57464789,29.2
3/15/2014,11.57464789,29.2
3/16/2014,11.57464789,29.4
3/17/2014,11.57464789,28.7
3/18/2014,11.57464789,28.7
3/19/2014,2.3,25.4
3/20/2014,120.1,22.8
3/21/2014,1,23.7
3/22/2014,9.4,25.3
3/23/2014,0,21.7
3/24/2014,11.57464789,25.1
3/25/2014,11.57464789,27.5
3/26/2014,11.57464789,27.4
3/27/2014,11.57464789,27.7
3/28/2014,11.57464789,27.3
3/29/2014,7.1,26.1
3/30/2014,0,27.9
3/31/2014,11.57464789,29.2
4/1/2014,11.57464789,29.7
4/2/2014,11.57464789,29.8
4/3/2014,11.57464789,28.8
4/4/2014,11.57464789,30.1
4/5/2014,11.57464789,30.3
4/6/2014,11.57464789,31.5
4/7/2014,11.57464789,30.9
4/8/2014,11.57464789,31.3
4/9/2014,11.57464789,31.1
4/10/2014,1,27.8
4/11/2014,0,29.1
4/12/2014,3,23.2
4/13/2014,8.1,20.5
4/14/2014,0,17.1
4/15/2014,11.57464789,21.4
4/16/2014,11.57464789,24.5
4/17/2014,11.57464789,27.9
4/18/2014,11.57464789,29.4
4/19/2014,11.57464789,26.3
4/20/2014,3.3,22.9
4/21/2014,0,26.4
4/22/2014,10.4,23.8
4/23/2014,13.7,24.2
4/24/2014,0,23.4
4/25/2014,11.57464789,20.8
4/26/2014,11.57464789,22.2
4/27/2014,11.57464789,27.1
4/28/2014,11.57464789,26.6
4/29/2014,11.57464789,27.9
4/30/2014,11.57464789,26.9
5/1/2014,54.4,21.9
5/2/2014,0,22.8
5/3/2014,11.57464789,26.5
5/4/2014,11.57464789,28.4
5/5/2014,11.57464789,24.9
5/6/2014,55.4,22.7
5/7/2014,0,24.4
5/8/2014,11.57464789,25.8
5/9/2014,11.57464789,24.4
5/10/2014,11.57464789,21.9
5/11/2014,11.57464789,22
5/12/2014,11.57464789,24
5/13/2014,2.3,22.4
5/14/2014,4.8,24.4
5/15/2014,5.3,22.3
5/16/2014,115.3,23.1
5/17/2014,0,23
5/18/2014,6.1,23.2
5/19/2014,0,24.1
5/20/2014,11.57464789,26.6
5/21/2014,11.57464789,28
5/22/2014,1,24.5
5/23/2014,31.5,13.6
5/24/2014,7.6,12.3
5/25/2014,47.8,13.2
5/26/2014,26.4,11.7
5/27/2014,0,13.6
5/28/2014,11.57464789,16.3
5/29/2014,11.57464789,21
5/30/2014,11.57464789,23.4
5/31/2014,1.3,24.4
6/1/2014,0,20.2
6/2/2014,11.57464789,15.9
6/3/2014,11.57464789,17.6
6/4/2014,11.57464789,24.4
6/5/2014,0.3,26.9
6/6/2014,29.2,23.1
6/7/2014,2.3,23.5
6/8/2014,13.5,21.1
6/9/2014,0,18.2
6/10/2014,34.5,19.6
6/11/2014,0,23.2
6/12/2014,11.57464789,25.1
6/13/2014,11.57464789,25.7
6/14/2014,19.6,16.3
6/15/2014,0.3,18.6
6/16/2014,0,19.3
6/17/2014,0.3,21.3
6/18/2014,0,21.9
6/19/2014,11.57464789,19.1
6/20/2014,11.57464789,17.9
6/21/2014,11.57464789,21.5
6/22/2014,11.57464789,23.2
6/23/2014,11.57464789,24.8
6/24/2014,11.57464789,26.8
6/25/2014,11.57464789,25.9
6/26/2014,11.57464789,24.2
6/27/2014,23.1,17.3
6/28/2014,14.2,13.8
6/29/2014,1.5,15.1
6/30/2014,0,15.2
7/1/2014,11.57464789,17.5
7/2/2014,11.57464789,22.8
7/3/2014,11.57464789,26
7/4/2014,11.57464789,27.2
7/5/2014,11.57464789,24.4
7/6/2014,11.57464789,25.67529728
7/7/2014,7.1,13.3
7/8/2014,1.8,15.4
7/9/2014,4.1,15.7
7/10/2014,2.8,16.4
7/11/2014,1,19.3
7/12/2014,0,21.8
7/13/2014,11.57464789,24.8
7/14/2014,11.57464789,25.2
7/15/2014,11.57464789,24.3
7/16/2014,11.57464789,26.1
7/17/2014,11.57464789,26
7/18/2014,19.1,20.5
7/19/2014,0,15.4
7/20/2014,11.57464789,17.1
7/21/2014,11.57464789,23
7/22/2014,11.57464789,24.1
7/23/2014,11.57464789,24.7
7/24/2014,28.4,13.5
7/25/2014,0,11.4
7/26/2014,11.57464789,14.2
7/27/2014,11.57464789,16
7/28/2014,11.57464789,20.7
7/29/2014,11.57464789,22.9
7/30/2014,11.57464789,24.6
7/31/2014,11.57464789,25
8/1/2014,11.57464789,25.9
8/2/2014,11.57464789,26.4
8/3/2014,11.57464789,26.3
8/4/2014,11.57464789,27.1
8/5/2014,11.57464789,20.7
8/6/2014,11.57464789,24.2
8/7/2014,11.57464789,22.8
8/8/2014,11.57464789,16.9
8/9/2014,11.57464789,19.3
8/10/2014,11.57464789,23
8/11/2014,11.57464789,24.6
8/12/2014,11.57464789,27.1
8/13/2014,2.3,18.2
8/14/2014,0,15.9
8/15/2014,11.57464789,21.4
8/16/2014,11.57464789,24.1
8/17/2014,11.57464789,24
8/18/2014,11.57464789,23.1
8/19/2014,11.57464789,25.1
8/20/2014,11.57464789,26.7
8/21/2014,11.57464789,26.4
8/22/2014,11.57464789,27.4
8/23/2014,11.57464789,27.6
8/24/2014,11.57464789,27.9
8/25/2014,11.57464789,22.9
8/26/2014,11.57464789,17
8/27/2014,11.57464789,18.1
8/28/2014,11.57464789,19.3
8/29/2014,11.57464789,22
8/30/2014,11.57464789,26.4
8/31/2014,11.57464789,30
9/1/2014,11.57464789,29.7
9/2/2014,11.57464789,29.8
9/3/2014,11.57464789,30.3
9/4/2014,11.57464789,31
9/5/2014,11.57464789,29.8
9/6/2014,11.57464789,29.9
9/7/2014,11.4,26.6
9/8/2014,0,26.1
9/9/2014,11.57464789,29.8
9/10/2014,11.57464789,30.5
9/11/2014,11.57464789,22.3
9/12/2014,11.57464789,21.4
9/13/2014,11.57464789,27.4
9/14/2014,11.57464789,28.7
9/15/2014,17.3,22.4
9/16/2014,0,20.9
9/17/2014,11.57464789,24.2
9/18/2014,11.57464789,28.4
9/19/2014,1.3,26.6
9/20/2014,0,24.6
9/21/2014,11.57464789,23
9/22/2014,11.57464789,23.8
9/23/2014,11.57464789,28.1
9/24/2014,11.57464789,30.1
9/25/2014,11.57464789,29.1
9/26/2014,11.57464789,29.7
9/27/2014,20.1,25.5
9/28/2014,1,28.2
9/29/2014,0,30.8
9/30/2014,11.57464789,31.2
10/1/2014,11.57464789,29.7
10/2/2014,11.57464789,27.1
10/3/2014,11.57464789,27.8
10/4/2014,11.57464789,29.2
10/5/2014,11.57464789,29.8
10/6/2014,11.57464789,30.2
10/7/2014,11.57464789,28.9
10/8/2014,11.57464789,31.5
10/9/2014,11.57464789,31.8
10/10/2014,11.57464789,32.1
10/11/2014,11.57464789,25.8
10/12/2014,11.57464789,26.9
10/13/2014,11.57464789,31.5
10/14/2014,11.57464789,32.3
10/15/2014,11.57464789,33.8
10/16/2014,11.57464789,34.5
10/17/2014,11.57464789,34.8
10/18/2014,11.57464789,34.4
10/19/2014,11.57464789,33.3
10/20/2014,11.57464789,25.67529728
10/21/2014,11.57464789,28.7
10/22/2014,11.57464789,28.8
10/23/2014,11.57464789,29.1
10/24/2014,11.57464789,27.1
10/25/2014,11.57464789,27.6
10/26/2014,11.57464789,28.9
10/27/2014,11.57464789,30.8
10/28/2014,11.57464789,31.6
10/29/2014,11.57464789,31.3
10/30/2014,11.57464789,30.7
10/31/2014,28.4,29.5
11/1/2014,0,27.9
11/2/2014,35.3,27.6
11/3/2014,0,30.1
11/4/2014,11.57464789,26.9
11/5/2014,0.3,23.7
11/6/2014,0,30.5
11/7/2014,11.57464789,31.8
11/8/2014,30.5,27.2
11/9/2014,0,29
11/10/2014,11.57464789,30.3
11/11/2014,11.57464789,30.9
11/12/2014,11.57464789,25.67529728
11/13/2014,75.2,26.8
11/14/2014,0,24.8
11/15/2014,11.57464789,23.9
11/16/2014,11.57464789,25.9
11/17/2014,11.57464789,27.4
11/18/2014,11.57464789,28.8
11/19/2014,11.57464789,28.9
11/20/2014,7.6,24.5
11/21/2014,0.8,27.7
11/22/2014,137.4,24.1
11/23/2014,5.3,25.4
11/24/2014,0,28.3
11/25/2014,11.57464789,26.6
11/26/2014,18.3,25.3
11/27/2014,0,28.6
11/28/2014,11.57464789,29.3
11/29/2014,11.57464789,28.9
11/30/2014,11.57464789,30.2
12/1/2014,11.57464789,24.6
12/2/2014,11.57464789,20.1
12/3/2014,11.57464789,23.4
12/4/2014,11.57464789,25.6
12/5/2014,11.57464789,27.5
12/6/2014,11.57464789,30.7
12/7/2014,11.57464789,30.2
12/8/2014,11.57464789,29.4
12/9/2014,1.3,28.7
12/10/2014,0,30.3
12/11/2014,2.3,30.3
12/12/2014,0,30.6
12/13/2014,11.57464789,29.1
12/14/2014,11.57464789,30.8
12/15/2014,0.5,30.6
12/16/2014,0,32.4
12/17/2014,11.57464789,29.4
12/18/2014,14,25.3
12/19/2014,0,29.2
12/20/2014,11.57464789,29.8
12/21/2014,11.57464789,28.6
12/22/2014,37.8,24.3
12/23/2014,0,25.7
12/24/2014,11.57464789,27.4
12/25/2014,11.57464789,29.3
12/26/2014,1,31.1
12/27/2014,0,30.5
12/28/2014,11.57464789,30.7
12/29/2014,11.57464789,32.6
12/30/2014,11.57464789,32.4
12/31/2014,11.57464789,32.9
1/1/2015,11.57464789,33.7
1/2/2015,8.6,26.3
1/3/2015,16.5,24.9
1/4/2015,0,28.6
1/5/2015,20.3,28.1
1/6/2015,0,32.7
1/7/2015,11.57464789,31.1
1/8/2015,11.57464789,31.7
1/9/2015,11.57464789,32.6
1/10/2015,11.57464789,32.9
1/11/2015,11.57464789,33
1/12/2015,11.57464789,32.8
1/13/2015,11.57464789,32.5
1/14/2015,11.57464789,32.7
1/15/2015,11.57464789,32.3
1/16/2015,1,32.3
1/17/2015,0,31.8
1/18/2015,11.57464789,31.5
1/19/2015,11.57464789,32.3
1/20/2015,11.57464789,32.4
1/21/2015,4.1,28.7
1/22/2015,0,30.1
1/23/2015,11.57464789,31.7
1/24/2015,44.2,27.5
1/25/2015,17.5,23.2
1/26/2015,33.3,27.7
1/27/2015,0,26.9
1/28/2015,11.9,27.1
1/29/2015,0,28.3
1/30/2015,11.57464789,28.3
1/31/2015,11.57464789,29.7
2/1/2015,11.57464789,30.8
2/2/2015,11.57464789,29.8
2/3/2015,11.57464789,32.2
2/4/2015,11.57464789,30.9
2/5/2015,1.5,27.5
2/6/2015,4.1,28.7
2/7/2015,0,29.1
2/8/2015,11.57464789,30.2
2/9/2015,11.57464789,31.1
2/10/2015,11.57464789,30.8
2/11/2015,11.57464789,30
2/12/2015,11.57464789,29.4
2/13/2015,11.57464789,27.4
2/14/2015,11.57464789,25.67529728
2/15/2015,11.57464789,25.67529728
2/16/2015,11.57464789,25.67529728
2/17/2015,11.57464789,25.67529728
2/18/2015,11.57464789,25.67529728
2/19/2015,6.6,26.1
2/20/2015,4.3,25
2/21/2015,11.57464789,25.67529728
2/22/2015,8.1,27.1
2/23/2015,0,27.2
2/24/2015,11.57464789,25.67529728
2/25/2015,11.57464789,25.67529728
2/26/2015,11.57464789,25.67529728
2/27/2015,11.57464789,25.67529728
2/28/2015,11.57464789,25.67529728
3/1/2015,11.57464789,25.67529728
3/2/2015,11.57464789,25.67529728
3/3/2015,11.57464789,25.67529728
3/4/2015,11.57464789,25.67529728
3/5/2015,11.57464789,25.67529728
3/6/2015,11.57464789,25.67529728
3/7/2015,11.57464789,25.67529728
3/8/2015,11.57464789,25.67529728
3/9/2015,11.57464789,25.67529728
3/10/2015,11.57464789,28.3
3/11/2015,11.57464789,28.1
3/12/2015,11.57464789,27.9
3/13/2015,11.57464789,27.5
3/14/2015,11.57464789,29.3
3/15/2015,11.57464789,27.8
3/16/2015,11.57464789,28.4
3/17/2015,11.57464789,29.7
3/18/2015,11.57464789,29.1
3/19/2015,11.57464789,25.67529728
3/20/2015,11.57464789,29.2
3/21/2015,11.57464789,28.4
3/22/2015,11.57464789,25.3
3/23/2015,11.57464789,25.6
3/24/2015,11.57464789,24.1
3/25/2015,11.57464789,27.7
3/26/2015,11.57464789,27.1
3/27/2015,1.5,22.8
3/28/2015,0,22.3
3/29/2015,11.57464789,23.5
3/30/2015,11.57464789,25.1
3/31/2015,0.8,24
4/1/2015,8.9,24.8
4/2/2015,0,25.8
4/3/2015,11.57464789,28.6
4/4/2015,11.57464789,29.6
4/5/2015,7.9,25.8
4/6/2015,0,25.5
4/7/2015,11.57464789,22.9
4/8/2015,11.57464789,26.3
4/9/2015,11.57464789,27.8
4/10/2015,11.57464789,28.3
4/11/2015,11.57464789,28
4/12/2015,11.57464789,25.67529728
4/13/2015,2,27.8
4/14/2015,0,28.8
4/15/2015,11.57464789,26.9
4/16/2015,11.57464789,25.8
4/17/2015,11.57464789,28.4
4/18/2015,74.7,24.2
4/19/2015,0,25.3
4/20/2015,11.57464789,27.9
4/21/2015,11.57464789,27.2
4/22/2015,1.5,26
4/23/2015,11.57464789,25.67529728
4/24/2015,11.57464789,25.67529728
4/25/2015,11.57464789,25.67529728
4/26/2015,11.57464789,25.67529728
4/27/2015,11.57464789,27.8
4/28/2015,11.57464789,25.8
4/29/2015,11.57464789,26.1
4/30/2015,11.57464789,25.8
5/1/2015,11.57464789,26.9
5/2/2015,11.57464789,27.6
5/3/2015,11.57464789,25.9
5/4/2015,10.7,21.2
5/5/2015,0,20.8
5/6/2015,11.57464789,22.1
5/7/2015,11.57464789,20.6
5/8/2015,11.57464789,21.1
5/9/2015,0.3,26.3
5/10/2015,44.2,24.2
5/11/2015,4.1,20.9
5/12/2015,0,18.3
5/13/2015,11.57464789,18.7
5/14/2015,1,21.4
5/15/2015,3.8,22.8
5/16/2015,0.5,24.3
5/17/2015,0,23.7
5/18/2015,0.5,22.5
5/19/2015,3.6,22.3
5/20/2015,0,23.4
5/21/2015,11.57464789,24.4
5/22/2015,18,24.3
5/23/2015,0,27.3
5/24/2015,11.57464789,27.1
5/25/2015,43.9,24.6
5/26/2015,2.5,24.6
5/27/2015,98.3,20.4
5/28/2015,2,19.7
5/29/2015,0,18.3
5/30/2015,3.3,18.6
5/31/2015,5.8,18.9
6/1/2015,1.5,19.1
6/2/2015,23.1,21.3
6/3/2015,0,24.3
6/4/2015,11.57464789,26.1
6/5/2015,11.57464789,26.6
6/6/2015,11.57464789,25.1
6/7/2015,11.57464789,25.2
6/8/2015,11.57464789,25.6
6/9/2015,11.57464789,25.9
6/10/2015,11.57464789,25.8
6/11/2015,11.57464789,25.8
6/12/2015,5.1,21.6
6/13/2015,5.3,21.5
6/14/2015,0.3,24.6
6/15/2015,1.3,17.4
6/16/2015,0,14.8
6/17/2015,11.57464789,21.5
6/18/2015,10.4,19.1
6/19/2015,0,13.9
6/20/2015,11.57464789,15.2
6/21/2015,11.57464789,20.5
6/22/2015,11.57464789,24.4
6/23/2015,11.57464789,22.9
6/24/2015,0.8,20.6
6/25/2015,0,22.6
6/26/2015,11.57464789,24.3
6/27/2015,11.57464789,24.6
6/28/2015,11.57464789,24.6
6/29/2015,11.57464789,25
6/30/2015,6.9,23.5
7/1/2015,7.1,21.1
7/2/2015,0,21.8
7/3/2015,30.5,21.1
7/4/2015,14.2,14.4
7/5/2015,0,13.5
7/6/2015,11.57464789,18.3
7/7/2015,3.3,18.5
7/8/2015,17.3,16.9
7/9/2015,0,19.1
7/10/2015,11.57464789,22.9
7/11/2015,7.9,25.6
7/12/2015,9.1,25.4
7/13/2015,0,27.1
7/14/2015,19.6,22.3
7/15/2015,38.6,15.7
7/16/2015,0.5,16.9
7/17/2015,1.5,19.2
7/18/2015,0,21.6
7/19/2015,11.57464789,23.7
7/20/2015,11.57464789,22.6
7/21/2015,11.57464789,17.1
7/22/2015,11.57464789,14.6
7/23/2015,11.57464789,16.9
7/24/2015,1,17.6
7/25/2015,0,16.7
7/26/2015,11.57464789,19.1
7/27/2015,11.57464789,23.5
7/28/2015,11.57464789,25.4
7/29/2015,11.57464789,25.8
7/30/2015,11.57464789,26.3
7/31/2015,11.57464789,25.9
8/1/2015,11.57464789,25.3
8/2/2015,11.57464789,26
8/3/2015,11.57464789,25.4
8/4/2015,11.57464789,27
8/5/2015,11.57464789,27
8/6/2015,11.57464789,27.4
8/7/2015,11.57464789,29.3
8/8/2015,11.57464789,29.9
8/9/2015,11.57464789,29.9
8/10/2015,11.57464789,26.3
8/11/2015,2.8,25.6
8/12/2015,0,25.6
8/13/2015,11.57464789,24.1
8/14/2015,11.57464789,21.4
8/15/2015,11.57464789,20.4
8/16/2015,11.57464789,23.3
8/17/2015,11.57464789,23.8
8/18/2015,11.57464789,21
8/19/2015,7.9,18.1
8/20/2015,0,19.4
8/21/2015,11.57464789,21.5
8/22/2015,11.57464789,26.2
8/23/2015,11.57464789,26.8
8/24/2015,11.57464789,22.6
8/25/2015,11.57464789,23.6
8/26/2015,11.57464789,26.2
8/27/2015,10.2,26.4
8/28/2015,0,22.1
8/29/2015,11.57464789,25.4
8/30/2015,11.57464789,27.4
8/31/2015,11.57464789,28.6
9/1/2015,11.57464789,30
9/2/2015,11.57464789,25.9
9/3/2015,11.57464789,23.6
9/4/2015,11.57464789,22.9
9/5/2015,11.57464789,22.6
9/6/2015,11.57464789,21.4
9/7/2015,11.57464789,25.1
9/8/2015,23.4,25.9
9/9/2015,2.8,24.1
9/10/2015,3.3,25.3
9/11/2015,6.1,17.4
9/12/2015,6.4,14.3
9/13/2015,0,16.7
9/14/2015,11.57464789,22.2
9/15/2015,11.57464789,26.3
9/16/2015,11.57464789,31
9/17/2015,11.57464789,32.4
9/18/2015,11.57464789,31.8
9/19/2015,11.57464789,31.6
9/20/2015,11.57464789,31
9/21/2015,11.57464789,31.6
9/22/2015,11.57464789,31.9
9/23/2015,11.57464789,32
9/24/2015,11.57464789,32.5
9/25/2015,11.57464789,27.7
9/26/2015,11.57464789,23.2
9/27/2015,4.3,21.2
9/28/2015,9.4,21
9/29/2015,0,26.8
9/30/2015,47.5,24.7
10/1/2015,1,25.4
10/2/2015,0,28.1
10/3/2015,14.5,22.2
10/4/2015,15.7,19
10/5/2015,0,25.7
10/6/2015,11.57464789,28.6
10/7/2015,11.57464789,30
10/8/2015,11.57464789,29.9
10/9/2015,11.57464789,22.7
10/10/2015,1.5,18.3
10/11/2015,11.57464789,25.67529728
10/12/2015,11.57464789,25.67529728
10/13/2015,11.57464789,25.67529728
10/14/2015,11.57464789,25.67529728
10/15/2015,11.57464789,25.67529728
10/16/2015,11.57464789,30.3
10/17/2015,28.7,23.9
10/18/2015,0,23.9
10/19/2015,11.57464789,28.1
10/20/2015,11.57464789,31.8
10/21/2015,11.57464789,31.8
10/22/2015,11.57464789,32.4
10/23/2015,11.57464789,28.3
10/24/2015,11.57464789,29.5
10/25/2015,11.57464789,31.4
10/26/2015,65.3,29.7
10/27/2015,0.5,25.9
10/28/2015,0.5,25.2
10/29/2015,0,28.6
10/30/2015,11.57464789,27.7
10/31/2015,36.1,22.7
11/1/2015,0,25.3
11/2/2015,8.4,24.3
11/3/2015,14.7,23.7
11/4/2015,20.3,24.4
11/5/2015,1.5,23.3
11/6/2015,0,24.3
11/7/2015,11.57464789,25
11/8/2015,25.4,28.2
11/9/2015,0,29.5
11/10/2015,11.57464789,30.8
11/11/2015,11.57464789,30.9
11/12/2015,11.57464789,30.4
11/13/2015,11.57464789,31.7
11/14/2015,11.57464789,30.3
11/15/2015,11.57464789,29.6
11/16/2015,11.57464789,29.8
11/17/2015,11.57464789,30.5
11/18/2015,4.3,27.9
11/19/2015,3.3,28.8
11/20/2015,40.4,23.2
11/21/2015,1,22.7
11/22/2015,0,28.3
11/23/2015,11.57464789,30.2
11/24/2015,11.57464789,31.2
11/25/2015,11.57464789,32.4
11/26/2015,2.3,28.8
11/27/2015,0,30.2
11/28/2015,11.57464789,27.7
11/29/2015,17,23.9
11/30/2015,36.8,23.4
12/1/2015,1.3,26.5
12/2/2015,30.5,28.4
12/3/2015,61.5,27.3
12/4/2015,0,30.6
12/5/2015,1.5,24.3
12/6/2015,32.8,25
12/7/2015,0,26.6
12/8/2015,11.57464789,29.3
12/9/2015,11.57464789,30.7
12/10/2015,63.5,26.2
12/11/2015,0,28.5
12/12/2015,11.57464789,28.9
12/13/2015,11.57464789,28.1
12/14/2015,11.57464789,32.2
12/15/2015,70.4,28.9
12/16/2015,10.4,28.4
12/17/2015,0,30.4
12/18/2015,11.57464789,30.4
12/19/2015,4.3,28.4
12/20/2015,29,24.8
12/21/2015,0,29.1
12/22/2015,11.57464789,30.7
12/23/2015,11.57464789,30.2
12/24/2015,11.57464789,29.1
12/25/2015,11.57464789,26.7
12/26/2015,11.57464789,28.3
12/27/2015,11.57464789,30.2
12/28/2015,11.57464789,31.6
12/29/2015,17.8,30.6
12/30/2015,0,30.8
12/31/2015,11.57464789,30.9
1/1/2016,33.5,29.3
1/2/2016,11.57464789,29.1
1/3/2016,1.5,28.6
1/4/2016,19.3,29.4
1/5/2016,0,31.6
1/6/2016,82.3,25.4
1/7/2016,0,28.9
1/8/2016,11.57464789,30.2
1/9/2016,4.8,26.2
1/10/2016,5.6,27.4
1/11/2016,0.3,28.6
1/12/2016,0,29.2
1/13/2016,11.57464789,29.8
1/14/2016,9.4,27.3
1/15/2016,7.4,27.8
1/16/2016,0,29.2
1/17/2016,11.57464789,30.8
1/18/2016,11.57464789,31.4
1/19/2016,11.57464789,30.4
1/20/2016,11.57464789,30.1
1/21/2016,11.57464789,30.1
1/22/2016,11.57464789,29.7
1/23/2016,11.57464789,29.8
1/24/2016,11.57464789,30.4
1/25/2016,11.57464789,31.1
1/26/2016,11.57464789,31.5
1/27/2016,50,25.2
1/28/2016,0,27.6
1/29/2016,11.57464789,29.8
1/30/2016,11.57464789,27.7
1/31/2016,66.8,25.8
2/1/2016,78.2,23.5
2/2/2016,34,23.9
2/3/2016,25.9,23.6
2/4/2016,13.5,25.6
2/5/2016,3.6,27.6
2/6/2016,26.4,26.8
2/7/2016,1.3,29.4
2/8/2016,0,30.4
2/9/2016,11.57464789,30.9
2/10/2016,11.57464789,30.4
2/11/2016,0.5,29.6
2/12/2016,0,30.8
2/13/2016,11.57464789,31.1
2/14/2016,11.57464789,30.3
2/15/2016,11.57464789,29.8
2/16/2016,11.57464789,30.5
2/17/2016,11.57464789,30.8
2/18/2016,11.57464789,30.8
2/19/2016,11.57464789,31.4
2/20/2016,11.57464789,31
2/21/2016,7.4,27.4
2/22/2016,2.3,26.1
2/23/2016,82,25.7
2/24/2016,69.9,26.9
2/25/2016,0,26.9
2/26/2016,11.57464789,29
2/27/2016,11.57464789,27.9
2/28/2016,50.3,25.8
2/29/2016,3.6,26.3
3/1/2016,54.1,26.2
3/2/2016,20.3,26.2
3/3/2016,0,26.7
3/4/2016,11.57464789,26.1
3/5/2016,11.57464789,26.8
3/6/2016,11.57464789,27.6
3/7/2016,11.57464789,27.1
3/8/2016,11.57464789,27.6
3/9/2016,3.3,26.7
3/10/2016,97.3,24.9
3/11/2016,0,25
3/12/2016,11.57464789,23.5
3/13/2016,11.57464789,23.5
3/14/2016,11.57464789,24.8
3/15/2016,11.57464789,28
3/16/2016,11.57464789,29.6
3/17/2016,11.57464789,30.5
3/18/2016,11.57464789,30.3
3/19/2016,11.57464789,28.8
3/20/2016,11.57464789,27.9
3/21/2016,11.57464789,28.2
3/22/2016,11.57464789,27.2
3/23/2016,11.57464789,28.7
3/24/2016,11.57464789,24.7
3/25/2016,51.8,22.9
3/26/2016,0,23
3/27/2016,11.57464789,23.1
3/28/2016,11.57464789,23.8
3/29/2016,11.57464789,25.8
3/30/2016,11.57464789,28.5
3/31/2016,11.57464789,28.6
4/1/2016,11.57464789,27.6
4/2/2016,11.57464789,29.6
4/3/2016,11.57464789,29.9
4/4/2016,11.57464789,29.8
4/5/2016,11.57464789,30.6
4/6/2016,11.57464789,30.1
4/7/2016,11.57464789,30.3
4/8/2016,11.57464789,32.9
4/9/2016,11.57464789,25.67529728
4/10/2016,5.1,26.8
4/11/2016,0,26.8
4/12/2016,11.57464789,27.9
4/13/2016,15.5,24.8
4/14/2016,0,28.8
4/15/2016,11.57464789,27.7
4/16/2016,11.57464789,29.3
4/17/2016,11.57464789,30.8
4/18/2016,11.57464789,30
4/19/2016,11.57464789,27.3
4/20/2016,11.57464789,29.2
4/21/2016,11.57464789,25.67529728
4/22/2016,3.3,25.4
4/23/2016,0,28.3
4/24/2016,11.57464789,28.4
4/25/2016,11.57464789,28.3
4/26/2016,38.6,15.8
4/27/2016,23.1,15.9
4/28/2016,0,12
4/29/2016,11.57464789,13.4
4/30/2016,11.57464789,15.9
5/1/2016,11.57464789,17.1
5/2/2016,11.57464789,17.8
5/3/2016,11.57464789,21.7
5/4/2016,11.57464789,21.2
5/5/2016,11.57464789,23.6
5/6/2016,23.4,21.4
5/7/2016,41.7,21.2
5/8/2016,0,23.6
5/9/2016,17.5,22.3
5/10/2016,34.8,22.4
5/11/2016,0,21.8
5/12/2016,11.57464789,21.4
5/13/2016,11.57464789,20.8
5/14/2016,11.57464789,22.2
5/15/2016,11.57464789,25.8
5/16/2016,0.3,20.7
5/17/2016,0,15.9
5/18/2016,11.57464789,16.6
5/19/2016,11.57464789,15.7
5/20/2016,3.8,17.3
5/21/2016,6.4,18.9
5/22/2016,0,17.2
5/23/2016,11.57464789,15.5
5/24/2016,11.57464789,16.1
5/25/2016,11.57464789,20.5
5/26/2016,11.57464789,22.9
5/27/2016,15.5,19.1
5/28/2016,45.2,16.6
5/29/2016,58.7,16.1
5/30/2016,5.8,16
5/31/2016,7.1,17.3
6/1/2016,1.8,18.8
6/2/2016,0,18.4
6/3/2016,11.57464789,25.67529728
6/4/2016,1.5,16.4
6/5/2016,6.1,17.8
6/6/2016,0,17.2
6/7/2016,11.57464789,15.7
6/8/2016,11.57464789,13.8
6/9/2016,11.57464789,13.3
6/10/2016,11.57464789,14.9
6/11/2016,11.57464789,13.2
6/12/2016,11.57464789,10.5
6/13/2016,11.57464789,12.4
6/14/2016,11.57464789,17.8
6/15/2016,11.57464789,20.9
6/16/2016,11.57464789,22.2
6/17/2016,11.57464789,18.2
6/18/2016,5.3,15.9
6/19/2016,0,15.7
6/20/2016,20.6,13.7
6/21/2016,14,12.7
6/22/2016,0,14.6
6/23/2016,11.57464789,15.9
6/24/2016,11.57464789,21.8
6/25/2016,11.57464789,22.7
6/26/2016,11.57464789,17.7
6/27/2016,11.57464789,14.1
6/28/2016,11.57464789,14.8
6/29/2016,11.57464789,19.7
6/30/2016,11.57464789,23.8
7/1/2016,11.57464789,23
7/2/2016,11.57464789,23.5
7/3/2016,11.57464789,25.8
7/4/2016,11.57464789,23.6
7/5/2016,11.57464789,19.7
7/6/2016,7.1,16.1
7/7/2016,0,14.3
7/8/2016,11.57464789,18.4
7/9/2016,11.57464789,22.9
7/10/2016,11.57464789,25.4
7/11/2016,11.57464789,26.6
7/12/2016,11.57464789,26.6
7/13/2016,11.57464789,24.7
7/14/2016,11.57464789,27
7/15/2016,11.57464789,23.9
7/16/2016,3.3,15.7
7/17/2016,0,12.2
7/18/2016,11.57464789,13.6
7/19/2016,11.57464789,13.3
7/20/2016,11.57464789,14.1
7/21/2016,11.57464789,14.6
7/22/2016,11.57464789,16.2
7/23/2016,11.57464789,19.4
7/24/2016,11.57464789,22.7
7/25/2016,11.57464789,24.6
7/26/2016,11.57464789,23.6
7/27/2016,11.57464789,18.1
7/28/2016,11.57464789,15
7/29/2016,11.57464789,18.2
7/30/2016,11.57464789,25.3
7/31/2016,11.57464789,26.6
8/1/2016,11.57464789,23.4
8/2/2016,11.57464789,22.6
8/3/2016,11.57464789,25.67529728
8/4/2016,11.57464789,25.67529728
8/5/2016,11.57464789,25.2
8/6/2016,11.57464789,26.2
8/7/2016,11.57464789,21.9
8/8/2016,6.1,17.4
8/9/2016,37.6,17.1
8/10/2016,0,16.6
8/11/2016,11.57464789,16.7
8/12/2016,11.57464789,19.7
8/13/2016,11.57464789,23.2
8/14/2016,11.57464789,25.6
8/15/2016,11.57464789,27.8
8/16/2016,11.57464789,26.9
8/17/2016,11.57464789,28.9
8/18/2016,11.57464789,26.4
8/19/2016,3.3,25.2
8/20/2016,0.8,25.2
8/21/2016,0,17.3
8/22/2016,11.57464789,14.4
8/23/2016,11.57464789,16
8/24/2016,11.57464789,18.6
8/25/2016,11.57464789,22.7
8/26/2016,11.57464789,25.67529728
8/27/2016,11.57464789,29.3
8/28/2016,11.57464789,25.67529728
8/29/2016,11.57464789,16.3
8/30/2016,2.3,15.7
8/31/2016,0,16.6
9/1/2016,11.57464789,19.9
9/2/2016,11.57464789,21.8
9/3/2016,11.57464789,25.67529728
9/4/2016,10.4,10.9
9/5/2016,6.4,11.9
9/6/2016,11.57464789,25.67529728
9/7/2016,11.57464789,12.9
9/8/2016,11.57464789,16.7
9/9/2016,11.57464789,18.2
9/10/2016,11.57464789,22.2
9/11/2016,11.57464789,25.6
9/12/2016,11.57464789,27.7
9/13/2016,11.57464789,29.7
9/14/2016,11.57464789,21.5
9/15/2016,11.57464789,20
9/16/2016,11.57464789,22.7
9/17/2016,11.57464789,26.3
9/18/2016,11.57464789,29.6
9/19/2016,11.57464789,25.2
9/20/2016,23.1,21.2
9/21/2016,0,21.1
9/22/2016,11.57464789,25.8
9/23/2016,11.57464789,25.1
9/24/2016,11.57464789,23.7
9/25/2016,11.57464789,21.4
9/26/2016,11.57464789,22.7
9/27/2016,11.57464789,26
9/28/2016,11.57464789,28.8
9/29/2016,11.57464789,29.4
9/30/2016,11.57464789,26.3
10/1/2016,9.9,24.4
10/2/2016,0,28.1
10/3/2016,18,22.8
10/4/2016,26.9,22.2
10/5/2016,37.6,23.5
10/6/2016,0,21.3
10/7/2016,11.57464789,21.6
10/8/2016,11.57464789,24.4
10/9/2016,11.57464789,25
10/10/2016,11.57464789,27.6
10/11/2016,11.57464789,29.9
10/12/2016,11.57464789,30.5
10/13/2016,11.57464789,28.5
10/14/2016,15.5,27.8
10/15/2016,0,29.5
10/16/2016,11.57464789,33.5
10/17/2016,11.57464789,33.5
10/18/2016,11.57464789,33.5
10/19/2016,11.57464789,33.9
10/20/2016,11.57464789,24.4
10/21/2016,11.57464789,24.3
10/22/2016,11.57464789,26
10/23/2016,11.57464789,29.3
10/24/2016,11.57464789,29.7
10/25/2016,11.57464789,31.5
10/26/2016,48.5,23.3
10/27/2016,2.8,21.8
10/28/2016,0,19.6
10/29/2016,11.57464789,19.9
10/30/2016,11.57464789,25
10/31/2016,11.57464789,29.7
11/1/2016,11.57464789,31.8
11/2/2016,11.57464789,25.67529728
11/3/2016,11.57464789,25.67529728
11/4/2016,11.57464789,23.1
11/5/2016,11.57464789,24.7
11/6/2016,11.57464789,29.3
11/7/2016,11.57464789,30.8
11/8/2016,32.3,27.3
11/9/2016,0,27.7
11/10/2016,25.4,29.1
11/11/2016,4.3,26.7
11/12/2016,15.2,24
11/13/2016,0,26.9
11/14/2016,11.57464789,27.5
11/15/2016,8.6,26.5
11/16/2016,0.3,27.3
11/17/2016,0,26.6
11/18/2016,11.57464789,22
11/19/2016,11.57464789,21.3
11/20/2016,11.57464789,25.3
11/21/2016,11.57464789,27.3
11/22/2016,11.57464789,26.1
11/23/2016,11.57464789,25.8
11/24/2016,11.57464789,28.6
11/25/2016,11.57464789,31.8
11/26/2016,6.6,28.9
11/27/2016,0,30.2
11/28/2016,60.5,25.4
11/29/2016,14.5,25.9
11/30/2016,0,27.1
12/1/2016,11.57464789,28.5
12/2/2016,11.57464789,28.9
12/3/2016,38.9,26.2
12/4/2016,0,27.8
12/5/2016,11.57464789,28.8
12/6/2016,11.57464789,32.2
12/7/2016,7.1,27.8
12/8/2016,0.5,26.7
12/9/2016,63.8,24.8
12/10/2016,31.5,25.2
12/11/2016,0.5,25.5
12/12/2016,0,26.8
12/13/2016,11.57464789,28.2
12/14/2016,51.6,26
12/15/2016,0,24.6
12/16/2016,11.57464789,26.5
12/17/2016,11.57464789,27.8
12/18/2016,11.57464789,28.8
12/19/2016,11.57464789,26.7
12/20/2016,3.3,26.3
12/21/2016,11.57464789,25.67529728
12/22/2016,11.57464789,27
12/23/2016,11.57464789,27.3
12/24/2016,11.57464789,28.7
12/25/2016,11.57464789,28.8
12/26/2016,11.57464789,30.5
12/27/2016,11.57464789,32.3
12/28/2016,2,29.4
12/29/2016,0,29.2
12/30/2016,5.3,30.1
12/31/2016,0,29.8
1/1/2017,11.57464789,31.7
1/2/2017,11.57464789,30.8
1/3/2017,11.57464789,25.67529728
1/4/2017,11.57464789,29.8
1/5/2017,11.57464789,31.3
1/6/2017,11.57464789,28.2
1/7/2017,4.3,28.3
1/8/2017,0,31.3
1/9/2017,11.57464789,33.2
1/10/2017,11.57464789,32.7
1/11/2017,11.57464789,31.3
1/12/2017,11.57464789,29.7
1/13/2017,11.57464789,25.67529728
1/14/2017,11.57464789,25.67529728
1/15/2017,11.57464789,31.8
1/16/2017,11.57464789,32.8
1/17/2017,11.57464789,25.67529728
1/18/2017,11.57464789,25.67529728
1/19/2017,11.57464789,31.2
1/20/2017,11.57464789,31.4
1/21/2017,11.57464789,25.67529728
1/22/2017,11.57464789,29.5
1/23/2017,11.57464789,25.67529728
1/24/2017,11.57464789,28.8
1/25/2017,8.6,27.2
1/26/2017,11.57464789,25.67529728
1/27/2017,11.57464789,25.67529728
1/28/2017,11.57464789,26
1/29/2017,11.57464789,29.3
1/30/2017,11.57464789,29.4
1/31/2017,7.1,26.2
2/1/2017,8.4,29
2/2/2017,10.2,27.3
2/3/2017,0,30.2
2/4/2017,11.57464789,30.9
2/5/2017,11.57464789,25.67529728
2/6/2017,11.57464789,25.67529728
2/7/2017,62.2,27.6
2/8/2017,0,30.6
2/9/2017,11.57464789,31.3
2/10/2017,11.57464789,29.9
2/11/2017,48.5,26.9
2/12/2017,0,28.1
2/13/2017,11.57464789,27.8
2/14/2017,11.57464789,28.1
2/15/2017,11.57464789,30.4
2/16/2017,11.57464789,30.2
2/17/2017,11.57464789,31.2
2/18/2017,11.57464789,30.4
2/19/2017,11.57464789,30.1
2/20/2017,0.3,29.4
2/21/2017,0,34.9
2/22/2017,0.5,30.6
2/23/2017,0,30.7
2/24/2017,11.57464789,28.9
2/25/2017,11.57464789,28.2
2/26/2017,11.57464789,29
2/27/2017,11.57464789,30.1
2/28/2017,11.57464789,30.8
3/1/2017,31.2,28.1
3/2/2017,0,30.8
3/3/2017,11.57464789,31.3
3/4/2017,11.57464789,30.4
3/5/2017,1,26.4
3/6/2017,12.7,27.8
3/7/2017,0,31
3/8/2017,0.3,30.8
3/9/2017,0,31.6
3/10/2017,11.57464789,32.2
3/11/2017,11.57464789,32.3
3/12/2017,11.57464789,33.2
3/13/2017,0.3,26.6
3/14/2017,0,28.8
3/15/2017,11.57464789,31.3
3/16/2017,11.57464789,25.5
3/17/2017,11.57464789,22.1
3/18/2017,11.57464789,23.3
3/19/2017,11.57464789,24.4
3/20/2017,11.57464789,27.7
3/21/2017,11.57464789,28.6
3/22/2017,11.57464789,27.7
3/23/2017,11.57464789,26.2
3/24/2017,11.57464789,27.6
3/25/2017,11.57464789,28.8
3/26/2017,11.57464789,27.2
3/27/2017,11.57464789,25.9
3/28/2017,11.57464789,29.1
3/29/2017,11.57464789,28.3
3/30/2017,11.57464789,29.1
3/31/2017,11.57464789,29.3
4/1/2017,11.57464789,28.9
4/2/2017,11.57464789,30.1
4/3/2017,11.57464789,25.9
4/4/2017,11.57464789,26.7
4/5/2017,11.57464789,27.2
4/6/2017,11.57464789,24.8
4/7/2017,11.57464789,27.5
4/8/2017,11.57464789,30.2
4/9/2017,11.57464789,28.9
4/10/2017,11.57464789,24.1
4/11/2017,11.57464789,23.9
4/12/2017,11.57464789,25.4
4/13/2017,11.57464789,24.6
4/14/2017,11.57464789,27.4
4/15/2017,11.57464789,29.6
4/16/2017,11.57464789,26.3
4/17/2017,11.57464789,26.2
4/18/2017,11.57464789,25.9
4/19/2017,11.57464789,24.7
4/20/2017,137.9,21.1
4/21/2017,0.5,23.6
4/22/2017,0,24
4/23/2017,11.57464789,24.2
4/24/2017,11.57464789,25.7
4/25/2017,11.57464789,27.8
4/26/2017,11.57464789,23.5
4/27/2017,11.57464789,17.4
4/28/2017,11.57464789,17.8
4/29/2017,11.57464789,18.8
4/30/2017,11.57464789,21.9
5/1/2017,11.57464789,22.8
5/2/2017,11.57464789,25
5/3/2017,11.57464789,28.1
5/4/2017,57.7,21
5/5/2017,0,22.3
5/6/2017,11.57464789,23.1
5/7/2017,11.57464789,28.2
5/8/2017,11.57464789,28.3
5/9/2017,30.5,23.1
5/10/2017,1,23.4
5/11/2017,1,25.6
5/12/2017,0,27.1
5/13/2017,11.57464789,26.4
5/14/2017,1.3,21.3
5/15/2017,3.3,20.2
5/16/2017,4.3,20.9
5/17/2017,0,22.7
5/18/2017,0.3,26.3
5/19/2017,0,25.3
5/20/2017,9.4,20.7
5/21/2017,26.7,19.5
5/22/2017,0,21.9
5/23/2017,11.57464789,25.3
5/24/2017,11.57464789,26.8
5/25/2017,11.57464789,28.6
5/26/2017,11.57464789,28.5
5/27/2017,2.3,20.2
5/28/2017,0,18.4
5/29/2017,0,19.2
5/30/2017,0,19.2
5/31/2017,5.1,17.1
6/1/2017,0,16
6/2/2017,11.57464789,16
6/3/2017,11.57464789,20.6
6/4/2017,11.57464789,26.8
6/5/2017,11.57464789,24.3
6/6/2017,4.3,21.7
6/7/2017,3.8,22.6
6/8/2017,6.4,22.9
6/9/2017,7.4,15.7
6/10/2017,0,14.6
6/11/2017,11.57464789,16.6
6/12/2017,11.57464789,19.9
6/13/2017,11.57464789,23.4
6/14/2017,11.57464789,24.9
6/15/2017,11.57464789,26.4
6/16/2017,11.57464789,26.9
6/17/2017,11.57464789,26.6
6/18/2017,11.57464789,25.2
6/19/2017,5.1,14.1
6/20/2017,0,13.7
6/21/2017,11.57464789,18.2
6/22/2017,11.57464789,24.8
6/23/2017,11.57464789,27
6/24/2017,11.57464789,25.9
6/25/2017,11.57464789,26.1
6/26/2017,11.57464789,26.8
6/27/2017,11.57464789,25.2
6/28/2017,11.57464789,25.7
6/29/2017,11.57464789,24.3
6/30/2017,11.57464789,22.8
7/1/2017,11.57464789,25.67529728
7/2/2017,11.57464789,25.67529728
7/3/2017,11.57464789,25.67529728
7/4/2017,11.57464789,25.67529728
7/5/2017,11.57464789,25.67529728
7/6/2017,11.57464789,25.67529728
7/7/2017,11.57464789,25.67529728
7/8/2017,11.57464789,25.67529728
7/9/2017,0.8,23.6
7/10/2017,0,25.2
7/11/2017,11.57464789,26
7/12/2017,11.57464789,24.9
7/13/2017,11.57464789,25
7/14/2017,11.57464789,26.5
7/15/2017,11.57464789,25.7
7/16/2017,11.57464789,21.1
7/17/2017,11.57464789,9.6
7/18/2017,11.57464789,8.4
7/19/2017,11.57464789,11.9
7/20/2017,11.57464789,13.8
7/21/2017,11.57464789,19.1
7/22/2017,11.57464789,22.1
7/23/2017,11.57464789,26.1
7/24/2017,11.57464789,26.2
7/25/2017,11.57464789,27.3
7/26/2017,11.57464789,25.9
7/27/2017,11.57464789,24.1
7/28/2017,11.57464789,25.1
7/29/2017,11.57464789,25.7
7/30/2017,11.57464789,25.1
7/31/2017,11.57464789,28.1
8/1/2017,11.57464789,27.2
8/2/2017,11.57464789,20.7
8/3/2017,11.57464789,17.6
8/4/2017,11.57464789,17.4
8/5/2017,11.57464789,21.6
8/6/2017,11.57464789,26.2
8/7/2017,11.57464789,28.1
8/8/2017,11.57464789,29.8
8/9/2017,11.57464789,28.8
8/10/2017,11.57464789,30.9
8/11/2017,11.57464789,31.6
8/12/2017,11.57464789,31.3
8/13/2017,8.4,20.3
8/14/2017,4.3,16.5
8/15/2017,18.5,19.4
8/16/2017,11.57464789,25.67529728
8/17/2017,17.5,22.7
8/18/2017,0,23.3
8/19/2017,11.57464789,28
8/20/2017,11.57464789,23.7
8/21/2017,11.57464789,25.67529728
8/22/2017,11.57464789,21
8/23/2017,11.57464789,28.5
8/24/2017,11.57464789,30.9
8/25/2017,11.57464789,30.5
8/26/2017,11.57464789,30.1
8/27/2017,11.57464789,29.7
8/28/2017,11.57464789,31.1
8/29/2017,11.57464789,31.3
8/30/2017,11.57464789,24.3
8/31/2017,11.57464789,21.1
9/1/2017,11.57464789,29.5
9/2/2017,11.57464789,31.1
9/3/2017,11.57464789,32.7
9/4/2017,11.57464789,31.8
9/5/2017,11.57464789,22.8
9/6/2017,11.57464789,22.9
9/7/2017,11.57464789,28.9
9/8/2017,11.57464789,30.3
9/9/2017,11.57464789,31.9
9/10/2017,11.57464789,32.5
9/11/2017,11.57464789,25.2
9/12/2017,11.57464789,26.1
9/13/2017,11.57464789,28.6
9/14/2017,11.57464789,30.7
9/15/2017,4.3,20.2
9/16/2017,38.1,18.1
9/17/2017,0,21.2
9/18/2017,11.57464789,24.2
9/19/2017,11.57464789,29.1
9/20/2017,11.57464789,32.2
9/21/2017,11.57464789,32.4
9/22/2017,11.57464789,24.5
9/23/2017,11.57464789,22.6
9/24/2017,4.3,22.6
9/25/2017,1.3,26.4
9/26/2017,4.3,28
9/27/2017,0,30.9
9/28/2017,11.57464789,26.6
9/29/2017,11.57464789,23.8
9/30/2017,78.2,25.4
10/1/2017,0,26.9
10/2/2017,6.1,21.9
10/3/2017,0,22.6
10/4/2017,11.57464789,23.8
10/5/2017,11.57464789,25.3
10/6/2017,11.57464789,31.5
10/7/2017,18,29.8
10/8/2017,0,29.9
10/9/2017,11.57464789,31.2
10/10/2017,11.57464789,31.6
10/11/2017,11.57464789,31.9
10/12/2017,11.57464789,31.1
10/13/2017,11.57464789,23.5
10/14/2017,11.57464789,17.8
10/15/2017,11.57464789,22.4
10/16/2017,11.57464789,27.8
10/17/2017,11.57464789,31.7
10/18/2017,11.57464789,32.8
10/19/2017,11.57464789,32.1
10/20/2017,3.3,26.1
10/21/2017,0,29.4
10/22/2017,2.8,25.1
10/23/2017,0,23.3
10/24/2017,11.57464789,27.6
10/25/2017,11.57464789,30.9
10/26/2017,11.57464789,29.9
10/27/2017,5.1,26.4
10/28/2017,0,27.2
10/29/2017,2.8,28.2
10/30/2017,5.1,27.3
10/31/2017,23.1,25.1
11/1/2017,0,28.6
11/2/2017,11.57464789,28.8
11/3/2017,11.57464789,31.5
11/4/2017,11.57464789,28.4
11/5/2017,11.57464789,23
11/6/2017,11.57464789,26.4
11/7/2017,11.57464789,27.8
11/8/2017,59.9,26.7
11/9/2017,2,28.3
11/10/2017,0,27
11/11/2017,11.57464789,24.3
11/12/2017,11.57464789,25.4
11/13/2017,11.57464789,26.6
11/14/2017,11.57464789,28.6
11/15/2017,11.57464789,31.6
11/16/2017,11.57464789,30
11/17/2017,25.1,26.6
11/18/2017,0,26.2
11/19/2017,2.8,24.9
11/20/2017,0,26.7
11/21/2017,11.57464789,29.3
11/22/2017,2.3,26.1
11/23/2017,0,25.7
11/24/2017,11.57464789,28.7
11/25/2017,11.57464789,27.7
11/26/2017,11.57464789,22.9
11/27/2017,11.57464789,24.3
11/28/2017,4.1,24.3
11/29/2017,0,28
11/30/2017,20.3,25.6
12/1/2017,55.1,26
12/2/2017,0,28.7
12/3/2017,11.57464789,29.4
12/4/2017,19.3,26.1
12/5/2017,0.3,27.4
12/6/2017,13.2,27.4
12/7/2017,0,28.4
12/8/2017,6.6,28.9
12/9/2017,0,29.3
12/10/2017,6.4,27.3
12/11/2017,0,30.2
12/12/2017,11.57464789,29.7
12/13/2017,11.57464789,30.1
12/14/2017,11.57464789,30.9
12/15/2017,11.57464789,31.2
12/16/2017,11.57464789,31.8
12/17/2017,11.57464789,32
12/18/2017,11.57464789,29.8
12/19/2017,11.57464789,30.2
12/20/2017,11.57464789,28.3
12/21/2017,11.57464789,25.9
12/22/2017,11.57464789,27.3
12/23/2017,14.7,26.7
12/24/2017,35.6,25.8
12/25/2017,4.1,25.4
12/26/2017,19.1,25.2
12/27/2017,8.1,27.7
12/28/2017,0,28.3
12/29/2017,1.3,25.9
12/30/2017,0,29.2
12/31/2017,19.3,30.6
1/1/2018,1,30.4
1/2/2018,12.7,25.7
1/3/2018,42.9,27.2
1/4/2018,0,28.8
1/5/2018,11.57464789,29.6
1/6/2018,11.57464789,29.2
1/7/2018,16.3,27.9
1/8/2018,0,28.6
1/9/2018,11.57464789,28.9
1/10/2018,3.6,26.7
1/11/2018,11.57464789,25.67529728
1/12/2018,4.1,27.9
1/13/2018,0,28.8
1/14/2018,11.57464789,27.9
1/15/2018,12.4,26.9
1/16/2018,2,28.6
1/17/2018,0,28.1
1/18/2018,20.1,27.2
1/19/2018,0.3,26.4
1/20/2018,11.2,27.8
1/21/2018,0,28.4
1/22/2018,8.1,30.2
1/23/2018,0,31.1
1/24/2018,11.57464789,30.9
1/25/2018,11.57464789,29.8
1/26/2018,11.57464789,29.2
1/27/2018,1,28.3
1/28/2018,1,27.4
1/29/2018,116.3,26.6
1/30/2018,32.3,28
1/31/2018,0,29.2
2/1/2018,11.57464789,29
2/2/2018,11.57464789,28.8
2/3/2018,11.57464789,29.9
2/4/2018,11.57464789,30.2
2/5/2018,11.57464789,29.1
2/6/2018,11.57464789,29.4
2/7/2018,11.57464789,31.2
2/8/2018,11.57464789,30.5
2/9/2018,11.57464789,29.3
2/10/2018,11.57464789,28.9
2/11/2018,0.3,28
2/12/2018,29.2,25.1
2/13/2018,1,25.1
2/14/2018,0,26.3
2/15/2018,11.57464789,29.8
2/16/2018,11.57464789,28.4
2/17/2018,10.2,24.8
2/18/2018,8.9,24.2
2/19/2018,13,25.8
2/20/2018,2,28
2/21/2018,0,28.8
2/22/2018,11.57464789,27.6
2/23/2018,11.57464789,25.5
2/24/2018,11.57464789,27.4
2/25/2018,11.57464789,27.7
2/26/2018,9.1,27.7
2/27/2018,37.3,27.4
2/28/2018,40.4,28.2
3/1/2018,31.2,24.7
3/2/2018,10.4,27.2
3/3/2018,3.3,28.2
3/4/2018,0,28.4
3/5/2018,11.57464789,27.7
3/6/2018,6.1,26
3/7/2018,2.5,27.3
3/8/2018,0,27.7
3/9/2018,11.57464789,28.6
3/10/2018,11.57464789,27.4
3/11/2018,11.57464789,29.1
3/12/2018,11.57464789,30.4
3/13/2018,11.57464789,30.7
3/14/2018,11.57464789,30.8
3/15/2018,11.57464789,30.8
3/16/2018,11.57464789,30.5
3/17/2018,11.57464789,30.7
3/18/2018,11.57464789,30.7
3/19/2018,11.57464789,29.3
3/20/2018,0.3,25.2
3/21/2018,0.3,24.2
3/22/2018,0,25.9
3/23/2018,11.57464789,28.9
3/24/2018,11.57464789,30.4
3/25/2018,23.4,24.9
3/26/2018,5.1,19.5
3/27/2018,0,19.6
3/28/2018,9.7,20.1
3/29/2018,0,25.9
3/30/2018,11.57464789,26.6
3/31/2018,7.4,24.2
4/1/2018,0,27.3
4/2/2018,11.57464789,26.2
4/3/2018,11.57464789,25.3
4/4/2018,11.57464789,25.8
4/5/2018,11.57464789,28.3
4/6/2018,11.57464789,29
4/7/2018,11.57464789,28.6
4/8/2018,11.57464789,28.7
4/9/2018,11.57464789,28
4/10/2018,11.57464789,29.4
4/11/2018,11.57464789,28.3
4/12/2018,11.57464789,29
4/13/2018,11.57464789,27.6
4/14/2018,0,24.8
4/15/2018,0,27
4/16/2018,4.3,25.7
4/17/2018,0,25
4/18/2018,0.5,25.6
4/19/2018,30.2,26.2
4/20/2018,0,27.9
4/21/2018,11.57464789,28.7
4/22/2018,11.57464789,28.6
4/23/2018,11.57464789,29.7
4/24/2018,11.57464789,28.3
4/25/2018,11.57464789,27.4
4/26/2018,11.57464789,28.8
4/27/2018,11.57464789,27.7
4/28/2018,11.57464789,28.9
4/29/2018,11.57464789,31.3
4/30/2018,11.57464789,29.6
5/1/2018,11.57464789,28.7
5/2/2018,11.57464789,29.1
5/3/2018,11.57464789,28.6
5/4/2018,11.57464789,27.7
5/5/2018,42.2,24.2
5/6/2018,63.5,25.2
5/7/2018,0,28.1
5/8/2018,11.57464789,28.7
5/9/2018,11.57464789,27.9
5/10/2018,11.57464789,28.6
5/11/2018,31.2,22.6
5/12/2018,0,20.8
5/13/2018,11.57464789,21.1
5/14/2018,11.57464789,24.1
5/15/2018,11.57464789,28.3
5/16/2018,48.5,25.1
5/17/2018,0,24
5/18/2018,11.57464789,24.5
5/19/2018,22.4,20.4
5/20/2018,0,17
5/21/2018,11.57464789,18.5
5/22/2018,11.57464789,19.5
5/23/2018,11.57464789,17.6
5/24/2018,11.57464789,19.8
5/25/2018,11.57464789,20.2
5/26/2018,11.57464789,22.4
5/27/2018,11.57464789,24.8
5/28/2018,11.57464789,25.7
5/29/2018,11.57464789,24.5
5/30/2018,11.57464789,24.1
5/31/2018,1.5,23.4
6/1/2018,32.3,17.8
6/2/2018,11.7,14.2
6/3/2018,1.5,12.7
6/4/2018,1.8,13.6
6/5/2018,1,14.3
6/6/2018,0,13.5
6/7/2018,2.5,14.3
6/8/2018,0,14.8
6/9/2018,11.57464789,19.2
6/10/2018,11.57464789,25.4
6/11/2018,11.57464789,26.4
6/12/2018,11.57464789,24.2
6/13/2018,11.57464789,15.9
6/14/2018,11.57464789,12.8
6/15/2018,11.57464789,13.2
6/16/2018,11.57464789,12.6
6/17/2018,11.57464789,11.5
6/18/2018,11.57464789,16.3
6/19/2018,11.57464789,20.8
6/20/2018,11.57464789,23.9
6/21/2018,11.57464789,23.9
6/22/2018,11.57464789,23.9
6/23/2018,11.57464789,25.8
6/24/2018,11.57464789,22
6/25/2018,0,16.4
6/26/2018,0,18.6
6/27/2018,11.57464789,20
6/28/2018,10.2,25.8
6/29/2018,0,25.1
6/30/2018,11.57464789,26.6
7/1/2018,11.57464789,23.4
7/2/2018,11.57464789,25.9
7/3/2018,11.57464789,21.9
7/4/2018,11.57464789,17
7/5/2018,11.57464789,20.5
7/6/2018,11.57464789,24.2
7/7/2018,11.57464789,23.8
7/8/2018,11.57464789,17.3
7/9/2018,1,11.9
7/10/2018,0,13.4
7/11/2018,11.57464789,13.7
7/12/2018,11.57464789,17.8
7/13/2018,11.57464789,22.1
7/14/2018,11.57464789,24.6
7/15/2018,11.57464789,27.1
7/16/2018,11.57464789,26.4
7/17/2018,11.57464789,26.6
7/18/2018,11.57464789,25.5
7/19/2018,11.57464789,25.1
7/20/2018,11.57464789,18.8
7/21/2018,1.5,12.8
7/22/2018,0,16.6
7/23/2018,11.57464789,21.3
7/24/2018,11.57464789,16.2
7/25/2018,11.57464789,13.9
7/26/2018,11.57464789,13
7/27/2018,11.57464789,16.9
7/28/2018,11.57464789,23.2
7/29/2018,11.57464789,19.5
7/30/2018,11.57464789,15.8
7/31/2018,11.57464789,17.5
8/1/2018,11.57464789,17.7
8/2/2018,11.57464789,16.9
8/3/2018,11.57464789,16.7
8/4/2018,11.57464789,14.4
8/5/2018,11.57464789,14.8
8/6/2018,11.57464789,18.4
8/7/2018,11.57464789,22.2
8/8/2018,11.57464789,22.8
8/9/2018,11.57464789,19.3
8/10/2018,11.57464789,16
8/11/2018,11.57464789,18.7
8/12/2018,11.57464789,23.6
8/13/2018,11.57464789,27.6
8/14/2018,11.57464789,23.6
8/15/2018,11.57464789,17.9
8/16/2018,11.57464789,19.3
8/17/2018,11.57464789,24.6
8/18/2018,11.57464789,26.2
8/19/2018,11.57464789,23.6
8/20/2018,11.57464789,11.6
8/21/2018,1.5,9.3
8/22/2018,5.6,11.1
8/23/2018,0,19.1
8/24/2018,11.57464789,26.8
8/25/2018,11.57464789,18.1
8/26/2018,11.57464789,15.3
8/27/2018,11.57464789,18.1
8/28/2018,11.57464789,24.1
8/29/2018,11.57464789,29.1
8/30/2018,11.57464789,28.8
8/31/2018,11.57464789,28.7
9/1/2018,11.57464789,16
9/2/2018,8.4,12.1
9/3/2018,0.5,15.6
9/4/2018,0,19.6
9/5/2018,11.57464789,20.3
9/6/2018,11.57464789,24.7
9/7/2018,11.57464789,25.4
9/8/2018,11.57464789,26.8
9/9/2018,11.57464789,27.8
9/10/2018,11.57464789,28.4
9/11/2018,11.57464789,26.6
9/12/2018,11.57464789,28.2
9/13/2018,11.57464789,25.3
9/14/2018,23.1,19.7
9/15/2018,11.57464789,25.67529728
9/16/2018,11.57464789,22.9
9/17/2018,11.57464789,25.67529728
9/18/2018,11.57464789,25.7
9/19/2018,11.57464789,28.6
9/20/2018,11.57464789,28.1
9/21/2018,11.57464789,27.6
9/22/2018,11.57464789,31.1
9/23/2018,11.57464789,31.9
9/24/2018,11.57464789,31.8
9/25/2018,0.3,29.5
9/26/2018,0,30.5
9/27/2018,0.5,25.3
9/28/2018,11.57464789,25.67529728
9/29/2018,1,27.5
9/30/2018,0,29.8
10/1/2018,11.57464789,30.3
10/2/2018,8.9,26.6
10/3/2018,0,20.4
10/4/2018,2,21.5
10/5/2018,0,24.4
10/6/2018,11.57464789,25.8
10/7/2018,11.57464789,29.3
10/8/2018,11.57464789,28.4
10/9/2018,11.57464789,30.4
10/10/2018,1.8,26.7
10/11/2018,5.1,25.7
10/12/2018,0,28.2
10/13/2018,11.57464789,24.8
10/14/2018,11.57464789,22.3
10/15/2018,11.57464789,22.8
10/16/2018,11.57464789,26.7
10/17/2018,11.57464789,32.9
10/18/2018,11.57464789,33.5
10/19/2018,65.5,26.3
10/20/2018,0,27.2
10/21/2018,11.57464789,28.9
10/22/2018,11.57464789,30.6
10/23/2018,11.57464789,28.4
10/24/2018,126,24.4
10/25/2018,2,25.4
10/26/2018,4.3,25.3
10/27/2018,20.1,24.6
10/28/2018,0,24.8
10/29/2018,11.57464789,25.4
10/30/2018,11.57464789,30.3
10/31/2018,11.57464789,31.6
11/1/2018,3,29.5
11/2/2018,0,28.3
11/3/2018,11.57464789,31.1
11/4/2018,55.9,27.2
11/5/2018,0,27.3
11/6/2018,11.57464789,27.3
11/7/2018,138.9,25.1
11/8/2018,0,29.3
11/9/2018,11.57464789,28.3
11/10/2018,11.57464789,28.3
11/11/2018,11.57464789,30.4
11/12/2018,11.57464789,31.5
11/13/2018,11.57464789,31.4
11/14/2018,67.3,27.9
11/15/2018,1,25.8
11/16/2018,0,30.2
11/17/2018,11.57464789,30.1
11/18/2018,11.57464789,26.8
11/19/2018,11.57464789,23.3
11/20/2018,11.57464789,27.4
11/21/2018,11.57464789,29.2
11/22/2018,11.57464789,30.1
11/23/2018,58.7,26.9
11/24/2018,0.3,25.2
11/25/2018,0,26.9
11/26/2018,11.57464789,28.7
11/27/2018,4.3,30.2
11/28/2018,13.2,25.5
11/29/2018,99.1,25.9
11/30/2018,32.3,26.7
12/1/2018,4.1,28.4
12/2/2018,0,26.1
12/3/2018,11.57464789,24.7
12/4/2018,11.57464789,25
12/5/2018,11.57464789,27.6
12/6/2018,11.57464789,29.3
12/7/2018,11.57464789,26
12/8/2018,11.57464789,25.8
12/9/2018,11.57464789,28.8
12/10/2018,11.57464789,31.2
12/11/2018,11.57464789,31.2
12/12/2018,11.57464789,31
12/13/2018,11.57464789,31.1
12/14/2018,11.57464789,31.3
12/15/2018,11.57464789,31.3
12/16/2018,11.57464789,29.2
12/17/2018,11.57464789,30.8
12/18/2018,11.57464789,32.8
12/19/2018,11.57464789,32.4
12/20/2018,11.57464789,31.7
12/21/2018,11.57464789,30.3
12/22/2018,16.5,25.5
12/23/2018,3,28.2
12/24/2018,41.7,25.3
12/25/2018,0,25.8
12/26/2018,29,26.7
12/27/2018,0,30.4
12/28/2018,11.57464789,27.6
12/29/2018,11.57464789,25.67529728
12/30/2018,11.57464789,28.8
12/31/2018,55.4,27.6
1/1/2019,11.57464789,25.67529728
1/2/2019,11.57464789,31.7
1/3/2019,11.57464789,31.7
1/4/2019,11.57464789,31.1
1/5/2019,34,29.7
1/6/2019,0,30.7
1/7/2019,11.57464789,30.7
1/8/2019,6.1,29.5
1/9/2019,0,29.6
1/10/2019,11.57464789,29.8
1/11/2019,11.57464789,28.2
1/12/2019,18,26.7
1/13/2019,9.9,27.9
1/14/2019,0,30.4
1/15/2019,11.57464789,31.7
1/16/2019,11.57464789,31.4
1/17/2019,11.57464789,32.9
1/18/2019,4.1,30.7
1/19/2019,0,25.4
1/20/2019,11.57464789,27.8
1/21/2019,11.57464789,29
1/22/2019,3,31.4
1/23/2019,0,33.1
1/24/2019,11.57464789,33.6
1/25/2019,11.57464789,31.9
1/26/2019,11.57464789,34
1/27/2019,11.57464789,33.1
1/28/2019,11.57464789,30.7
1/29/2019,11.57464789,25.67529728
1/30/2019,11.57464789,31.5
1/31/2019,11.57464789,32.3
2/1/2019,11.57464789,33.2
2/2/2019,11.57464789,32.2
2/3/2019,8.6,27.2
2/4/2019,0,27.8
2/5/2019,11.57464789,28.9
2/6/2019,11.57464789,28.8
2/7/2019,11.57464789,30.6
2/8/2019,11.57464789,31.5
2/9/2019,11.57464789,32
2/10/2019,11.57464789,31.8
2/11/2019,11.57464789,30.5
2/12/2019,11.57464789,28.7
2/13/2019,11.57464789,24.9
2/14/2019,45.5,26.7
2/15/2019,4.1,27.7
2/16/2019,1,26.8
2/17/2019,0,27.3
2/18/2019,11.57464789,27.4
2/19/2019,11.57464789,29.5
2/20/2019,15,27.7
2/21/2019,0,30.1
2/22/2019,11.57464789,32.3
2/23/2019,11.57464789,30.8
2/24/2019,11.57464789,31.3
2/25/2019,11.57464789,31.3
2/26/2019,11.57464789,23.2
2/27/2019,16,23.9
2/28/2019,2,25.3
3/1/2019,0,26.9
3/2/2019,11.57464789,28.9
3/3/2019,11.57464789,30.8
3/4/2019,11.57464789,29.9
3/5/2019,11.57464789,30.1
3/6/2019,11.57464789,32.2
3/7/2019,11.57464789,29.9
3/8/2019,11.57464789,31.4
3/9/2019,142.2,25.7
3/10/2019,5.1,24.3
3/11/2019,0,25.9
3/12/2019,11.57464789,28.3
3/13/2019,11.57464789,25.8
3/14/2019,11.57464789,26.8
3/15/2019,13.5,27.2
3/16/2019,0,25.4
3/17/2019,72.6,25.8
3/18/2019,20.1,28.2
3/19/2019,20.3,27.9
3/20/2019,35.6,24.2
3/21/2019,10.9,23.9
3/22/2019,0,24.8
3/23/2019,11.57464789,26.5
3/24/2019,11.57464789,28.1
3/25/2019,11.57464789,28.3
3/26/2019,11.57464789,27.6
3/27/2019,11.57464789,25.7
3/28/2019,11.57464789,25.8
3/29/2019,11.57464789,28.8
3/30/2019,11.57464789,30.1
3/31/2019,11.57464789,29.6
4/1/2019,11.57464789,26.9
4/2/2019,2,27.3
4/3/2019,39.1,27.2
4/4/2019,0,27.7
4/5/2019,2.8,24.7
4/6/2019,32,20.2
4/7/2019,0,22.1
4/8/2019,11.57464789,23
4/9/2019,11.57464789,23.9
4/10/2019,11.57464789,25.2
4/11/2019,25.9,26.4
4/12/2019,0,27.3
4/13/2019,11.57464789,27.9
4/14/2019,11.57464789,29.1
4/15/2019,11.57464789,30
4/16/2019,11.57464789,28.3
4/17/2019,11.57464789,26.8
4/18/2019,11.57464789,27.5
4/19/2019,11.57464789,29.9
4/20/2019,11.57464789,29.5
4/21/2019,3.3,26.1
4/22/2019,33,23.9
4/23/2019,0.5,25.9
4/24/2019,0,27.2
4/25/2019,11.57464789,27.8
4/26/2019,5.1,26.9
4/27/2019,25.1,23.7
4/28/2019,15,22.9
4/29/2019,0,23.7
4/30/2019,11.57464789,24.8
5/1/2019,11.57464789,23.9
5/2/2019,2,24.1
5/3/2019,6.1,26.4
5/4/2019,0,27.1
5/5/2019,11.57464789,28.1
5/6/2019,11.57464789,26.7
5/7/2019,4.3,26.9
5/8/2019,0,28.6
5/9/2019,11.57464789,28.3
5/10/2019,11.57464789,28.2
5/11/2019,13.7,24.7
5/12/2019,70.6,18.6
5/13/2019,0,17.3
5/14/2019,11.57464789,19.4
5/15/2019,11.57464789,18.5
5/16/2019,11.57464789,20.6
5/17/2019,11.57464789,21.3
5/18/2019,11.57464789,25
5/19/2019,1.3,24.6
5/20/2019,0,25.3
5/21/2019,11.57464789,25.3
5/22/2019,0,20.8
5/23/2019,17,17.1
5/24/2019,6.1,16.4
5/25/2019,0,16.6
5/26/2019,11.57464789,22.4
5/27/2019,11.57464789,26
5/28/2019,1,24.9
5/29/2019,0.3,24.9
5/30/2019,0,25.8
5/31/2019,11.57464789,23.5
6/1/2019,11.57464789,18.8
6/2/2019,4.1,17.4
6/3/2019,0,18.4
6/4/2019,11.57464789,18.3
6/5/2019,11.57464789,21.4
6/6/2019,11.57464789,21.9
6/7/2019,11.57464789,23.9
6/8/2019,11.57464789,21.9
6/9/2019,11.57464789,20.2
6/10/2019,11.57464789,24.2
6/11/2019,11.57464789,26.3
6/12/2019,11.57464789,26.4
6/13/2019,11.57464789,26.5
6/14/2019,11.57464789,25.4
6/15/2019,11.57464789,26.6
6/16/2019,11.57464789,25
6/17/2019,0.3,20.1
6/18/2019,0,22.6
6/19/2019,11.57464789,20.4
6/20/2019,0.8,18.8
6/21/2019,0,23.4
6/22/2019,11.57464789,23.9
6/23/2019,11.57464789,26.1
6/24/2019,11.57464789,24.4
6/25/2019,11.57464789,25.9
6/26/2019,2,13.8
6/27/2019,0,15.3
6/28/2019,11.57464789,25.8
6/29/2019,11.57464789,28
6/30/2019,11.57464789,27.7
7/1/2019,0.8,20.4
7/2/2019,0.3,18.2
7/3/2019,0,18.7
7/4/2019,1,14.1
7/5/2019,4.1,14.1
7/6/2019,0,12.1
7/7/2019,11.57464789,11.9
7/8/2019,11.57464789,15
7/9/2019,11.57464789,22.9
7/10/2019,11.57464789,23
7/11/2019,11.57464789,23.8
7/12/2019,11.57464789,24.6
7/13/2019,11.57464789,24.9
7/14/2019,11.57464789,26.1
7/15/2019,11.57464789,23.2
7/16/2019,3,19.4
7/17/2019,0,17.8
7/18/2019,11.57464789,21.5
7/19/2019,10.9,20.6
7/20/2019,18,22.7
7/21/2019,0,24.2
7/22/2019,11.57464789,27.3
7/23/2019,11.57464789,23.2
7/24/2019,11.57464789,13.9
7/25/2019,11.57464789,11.4
7/26/2019,11.57464789,11.6
7/27/2019,11.57464789,13.3
7/28/2019,11.57464789,13.7
7/29/2019,11.57464789,22.2
7/30/2019,11.57464789,24.5
7/31/2019,11.57464789,26.4
8/1/2019,11.57464789,25.7
8/2/2019,11.57464789,19.1
8/3/2019,11.57464789,13.3
8/4/2019,11.57464789,13.5
8/5/2019,11.57464789,16.1
8/6/2019,11.57464789,20.8
8/7/2019,11.57464789,26.6
8/8/2019,11.57464789,28.1
8/9/2019,11.57464789,23.3
8/10/2019,11.57464789,14.7
8/11/2019,11.57464789,18.3
8/12/2019,11.57464789,26.9
8/13/2019,11.7,21.8
8/14/2019,0,14.8
8/15/2019,11.57464789,18.7
8/16/2019,11.57464789,26.4
8/17/2019,11.57464789,27.5
8/18/2019,11.57464789,28.8
8/19/2019,11.57464789,21.5
8/20/2019,11.57464789,20.6
8/21/2019,11.57464789,22.2
8/22/2019,11.57464789,23.9
8/23/2019,11.57464789,22.1
8/24/2019,11.57464789,20.8
8/25/2019,11.57464789,25.8
8/26/2019,11.57464789,25.1
8/27/2019,2,24.3
8/28/2019,0,26.8
8/29/2019,11.57464789,25.9
8/30/2019,11.57464789,28.9
8/31/2019,11.57464789,25.2
9/1/2019,11.57464789,18.5
9/2/2019,11.57464789,19.7
9/3/2019,11.57464789,22.7
9/4/2019,11.57464789,22.8
9/5/2019,11.57464789,22.1
9/6/2019,11.57464789,22.7
9/7/2019,11.57464789,31.2
9/8/2019,11.57464789,31.8
9/9/2019,11.57464789,32.7
9/10/2019,11.57464789,31.6
9/11/2019,11.57464789,28.8
9/12/2019,11.57464789,21.9
9/13/2019,11.57464789,20.9
9/14/2019,11.57464789,25.7
9/15/2019,11.57464789,32.1
9/16/2019,11.57464789,33.8
9/17/2019,11.57464789,26.3
9/18/2019,11.57464789,22.8
9/19/2019,11.57464789,26.3
9/20/2019,11.57464789,26.4
9/21/2019,11.57464789,25.2
9/22/2019,11.57464789,26.3
9/23/2019,11.57464789,26.7
9/24/2019,11.57464789,29.4
9/25/2019,5.1,24.9
9/26/2019,3,23.8
9/27/2019,0,25.9
9/28/2019,11.57464789,24.9
9/29/2019,11.57464789,32.4
9/30/2019,11.57464789,33.4
10/1/2019,11.57464789,34.6
10/2/2019,11.57464789,32.1
10/3/2019,11.57464789,24.9
10/4/2019,11.57464789,27.4
10/5/2019,1,22.8
10/6/2019,8.4,17.8
10/7/2019,2,21.9
10/8/2019,0,25.9
10/9/2019,11.57464789,30.1
10/10/2019,11.57464789,30.5
10/11/2019,11.57464789,33
10/12/2019,11.57464789,33.2
10/13/2019,11.57464789,34.2
10/14/2019,5.1,31.9
10/15/2019,31,22
10/16/2019,0,21.5
10/17/2019,11.57464789,25.9
10/18/2019,11.57464789,28.9
10/19/2019,11.57464789,22.8
10/20/2019,11.57464789,28.1
10/21/2019,0.5,26.4
10/22/2019,0,23.1
10/23/2019,11.57464789,30.9
10/24/2019,11.57464789,28.5
10/25/2019,11.57464789,29.6
10/26/2019,0.5,31.1
10/27/2019,0,33.7
10/28/2019,11.57464789,35.4
10/29/2019,11.57464789,34.7
10/30/2019,11.57464789,35.9
10/31/2019,11.57464789,34.2
11/1/2019,11.57464789,29.2
11/2/2019,11.57464789,34.2
11/3/2019,11.57464789,32.3
11/4/2019,11.57464789,33.8
11/5/2019,11.57464789,31.7
11/6/2019,11.57464789,29.5
11/7/2019,11.9,27.3
11/8/2019,0,29.1
11/9/2019,11.57464789,31.6
11/10/2019,11.57464789,28.7
11/11/2019,11.57464789,30.2
11/12/2019,11.57464789,32.8
11/13/2019,5.3,27.6
11/14/2019,55.9,25.2
11/15/2019,0,30.8
11/16/2019,11.57464789,28.5
11/17/2019,11.57464789,28.7
11/18/2019,11.57464789,29.5
11/19/2019,11.57464789,32.6
11/20/2019,11.57464789,32.6
11/21/2019,11.57464789,30.8
11/22/2019,11.57464789,31.1
11/23/2019,11.57464789,30.8
11/24/2019,11.57464789,31.8
11/25/2019,11.57464789,32.6
11/26/2019,11.57464789,32.5
11/27/2019,62.5,25.7
11/28/2019,43.9,26
11/29/2019,0,29.3
11/30/2019,11.57464789,32.1
12/1/2019,1,27.4
12/2/2019,21.6,25.7
12/3/2019,0,27.9
12/4/2019,3,29.1
12/5/2019,47,24.9
12/6/2019,0,25.2
12/7/2019,11.57464789,26.9
12/8/2019,11.57464789,26.6
12/9/2019,60.7,24.6
12/10/2019,7.1,26.9
12/11/2019,11.57464789,25.67529728
12/12/2019,11.57464789,25.67529728
12/13/2019,4.1,28.3
12/14/2019,0,30.1
12/15/2019,11.57464789,30.3
12/16/2019,49,25.2
12/17/2019,0,23.8
12/18/2019,7.9,26.3
12/19/2019,0,28.8
12/20/2019,11.57464789,30.4
12/21/2019,30.5,24.7
12/22/2019,24.9,23.4
12/23/2019,0,25.1
12/24/2019,11.57464789,26.8
12/25/2019,11.57464789,29.8
12/26/2019,11.57464789,30.4
12/27/2019,11.57464789,30.3
12/28/2019,11.57464789,29.3
12/29/2019,11.57464789,31.5
12/30/2019,11.57464789,29.2
12/31/2019,11.57464789,29.9
1/1/2020,11.57464789,30.1
1/2/2020,11.57464789,30.3
1/3/2020,11.57464789,28.9
1/4/2020,11.57464789,27.4
1/5/2020,11.57464789,29.6
1/6/2020,11.57464789,30.7
1/7/2020,64.3,25.9
1/8/2020,24.9,26.4
1/9/2020,0,29.8
1/10/2020,11.57464789,30.7
1/11/2020,11.57464789,31.1
1/12/2020,3,30.4
1/13/2020,11.57464789,25.67529728
1/14/2020,6.1,29.3
1/15/2020,0,31.2
1/16/2020,11.57464789,31.7
1/17/2020,11.57464789,30.3
1/18/2020,11.57464789,29.4
1/19/2020,11.57464789,31.3
1/20/2020,11.57464789,32.5
1/21/2020,11.57464789,32.3
1/22/2020,7.1,29.2
1/23/2020,1.8,25.2
1/24/2020,11.57464789,25.67529728
1/25/2020,11.57464789,29.1
1/26/2020,11.57464789,32
1/27/2020,11.57464789,30.5
1/28/2020,11.57464789,30.8
1/29/2020,11.57464789,28.8
1/30/2020,11.57464789,25.67529728
1/31/2020,8.9,25.7
2/1/2020,0,25.2
2/2/2020,4.6,29.6
2/3/2020,11.57464789,25.67529728
2/4/2020,11.57464789,25.67529728
2/5/2020,11.57464789,30.1
2/6/2020,11.57464789,29.8
2/7/2020,11.57464789,29.2
2/8/2020,35.1,26.4
2/9/2020,0,29.2
2/10/2020,11.57464789,25.67529728
2/11/2020,11.57464789,30.5
2/12/2020,11.57464789,30.5
2/13/2020,11.57464789,30.9
2/14/2020,11.57464789,25.67529728
2/15/2020,11.57464789,33.3
2/16/2020,11.57464789,31.4
2/17/2020,11.57464789,31.9
2/18/2020,11.57464789,31.7
2/19/2020,11.57464789,31.2
2/20/2020,3,26.6
2/21/2020,4.1,27.4
2/22/2020,0,25.4
2/23/2020,11.57464789,24.6
2/24/2020,11.57464789,24.1
2/25/2020,11.57464789,30.3
2/26/2020,9.4,27.3
2/27/2020,0,27.1
2/28/2020,11.57464789,26.8
2/29/2020,11.57464789,28.1
3/1/2020,11.57464789,28.3
3/2/2020,11.57464789,29.7
3/3/2020,11.57464789,28.6
3/4/2020,11.57464789,28.8
3/5/2020,11.57464789,29.7
3/6/2020,11.57464789,28.7
3/7/2020,11.57464789,29.4
3/8/2020,11.57464789,30.6
3/9/2020,11.57464789,29.7
3/10/2020,11.57464789,33.6
3/11/2020,11.57464789,32.1
3/12/2020,11.57464789,33.4
3/13/2020,11.57464789,32
3/14/2020,11.57464789,34.1
3/15/2020,11.57464789,33.1
3/16/2020,11.57464789,29.3
3/17/2020,11.57464789,28.3
3/18/2020,11.57464789,30.4
3/19/2020,45,28.2
3/20/2020,5.1,26.7
3/21/2020,0,27.4
3/22/2020,11.57464789,24.8
3/23/2020,11.57464789,29
3/24/2020,11.57464789,27.8
3/25/2020,11.57464789,26.8
3/26/2020,11.57464789,31
3/27/2020,11.57464789,30.4
3/28/2020,23.9,26.8
3/29/2020,0,29.3
3/30/2020,11.57464789,29.4
3/31/2020,11.57464789,30.2
4/1/2020,11.57464789,29.9
4/2/2020,11.57464789,30.1
4/3/2020,11.57464789,25.6
4/4/2020,11.57464789,21.9
4/5/2020,11.57464789,25.67529728
4/6/2020,11.57464789,29.2
4/7/2020,11.57464789,25.67529728
4/8/2020,11.57464789,25.67529728
4/9/2020,11.57464789,19.9
4/10/2020,11.57464789,25.67529728
4/11/2020,11.57464789,25.67529728
4/12/2020,11.57464789,21.8
4/13/2020,11.57464789,27.7
4/14/2020,24.9,21.7
4/15/2020,0,18.6
4/16/2020,11.57464789,19.5
4/17/2020,11.57464789,20.7
4/18/2020,11.57464789,21.6
4/19/2020,11.57464789,22.6
4/20/2020,11.57464789,24.9
4/21/2020,11.57464789,25.4
4/22/2020,11.57464789,24.9
4/23/2020,11.57464789,25.6
4/24/2020,11.57464789,26
4/25/2020,11.57464789,28.9
4/26/2020,11.57464789,29.7
4/27/2020,11.57464789,30.5
4/28/2020,11.57464789,29.8
4/29/2020,11.57464789,27.9
4/30/2020,11.57464789,28.2
5/1/2020,11.57464789,28.3
5/2/2020,11.57464789,28.1
5/3/2020,11.57464789,27.5
5/4/2020,11.57464789,27.8
5/5/2020,11.57464789,26.9
5/6/2020,23.9,21.9
5/7/2020,0,16.5
5/8/2020,11.57464789,17.7
5/9/2020,11.57464789,18.9
5/10/2020,11.57464789,24.6
5/11/2020,11.57464789,25.4
5/12/2020,11.9,23.8
5/13/2020,0,22.8
5/14/2020,11.57464789,22.3
5/15/2020,11.57464789,17.9
5/16/2020,11.57464789,17.9
5/17/2020,11.57464789,20.9
5/18/2020,11.57464789,22.9
5/19/2020,11.57464789,25.2
5/20/2020,11.57464789,26.8
5/21/2020,11.57464789,28.3
5/22/2020,1.5,21.1
5/23/2020,15,14.7
5/24/2020,0,15.3
5/25/2020,11.57464789,18.3
5/26/2020,11.57464789,19.2
5/27/2020,11.57464789,18.1
5/28/2020,11.57464789,19.3
5/29/2020,11.57464789,21.8
5/30/2020,11.57464789,23.4
5/31/2020,2.8,23.9
6/1/2020,0,13.5
6/2/2020,2,11.4
6/3/2020,0,15.6
6/4/2020,2.5,17.6
6/5/2020,24.6,15.4
6/6/2020,6.1,14.7
6/7/2020,0,17.8
6/8/2020,11.57464789,23.4
6/9/2020,11.57464789,26.4
6/10/2020,11.57464789,27.4
6/11/2020,11.57464789,27.9
6/12/2020,11.57464789,27.8
6/13/2020,11.57464789,24
6/14/2020,11.57464789,15.6
6/15/2020,11.57464789,18.6
6/16/2020,11.57464789,24.1
6/17/2020,11.57464789,24.9
6/18/2020,11.57464789,27
6/19/2020,11.57464789,27.6
6/20/2020,11.57464789,27.7
6/21/2020,11.57464789,26.7
6/22/2020,11.57464789,26.6
6/23/2020,11.57464789,26.7
6/24/2020,11.57464789,27.1
6/25/2020,11.57464789,24.5
6/26/2020,11.57464789,14
6/27/2020,37.1,13.9
6/28/2020,0,15.7
6/29/2020,11.57464789,22.2
6/30/2020,11.57464789,24
7/1/2020,11.57464789,16.8
7/2/2020,11.57464789,14.8
7/3/2020,11.57464789,14.6
7/4/2020,11.57464789,21.2
7/5/2020,11.57464789,25.1
7/6/2020,11.57464789,23.5
7/7/2020,11.57464789,19.8
7/8/2020,9.9,13.2
7/9/2020,0,14.6
7/10/2020,11.57464789,17.8
7/11/2020,11.57464789,23.6
7/12/2020,11.57464789,25.6
7/13/2020,11.57464789,25.4
7/14/2020,11.57464789,21.9
7/15/2020,11.57464789,20.9
7/16/2020,11.57464789,25.67529728
7/17/2020,11.57464789,25.67529728
7/18/2020,11.57464789,26.4
7/19/2020,11.57464789,26.8
7/20/2020,11.57464789,26.8
7/21/2020,11.57464789,26.8
7/22/2020,11.57464789,26.8
7/23/2020,11.57464789,25.1
7/24/2020,11.57464789,21.7
7/25/2020,11.57464789,13.5
7/26/2020,11.57464789,15.2
7/27/2020,11.57464789,22.3
7/28/2020,11.57464789,23.1
7/29/2020,11.57464789,15.1
7/30/2020,11.57464789,15.1
7/31/2020,11.57464789,21.1
8/1/2020,11.57464789,26.6
8/2/2020,11.57464789,27.6
8/3/2020,11.57464789,27.4
8/4/2020,11.57464789,27.1
8/5/2020,11.57464789,27.1
8/6/2020,11.57464789,26.2
8/7/2020,11.57464789,26.4
8/8/2020,11.57464789,25.1
8/9/2020,11.57464789,25.9
8/10/2020,11.57464789,27.7
8/11/2020,11.57464789,26.5
8/12/2020,11.57464789,19.7
8/13/2020,11.57464789,16.9
8/14/2020,11.57464789,22.8
8/15/2020,11.57464789,25.9
8/16/2020,11.57464789,20.1
8/17/2020,0.5,21.2
8/18/2020,1,21.1
8/19/2020,46.2,19.4
8/20/2020,0,12.5
8/21/2020,11.57464789,11.1
8/22/2020,11.57464789,12.1
8/23/2020,11.57464789,19.2
8/24/2020,11.57464789,24.2
8/25/2020,11.57464789,28.1
8/26/2020,11.57464789,28.9
8/27/2020,11.57464789,30.2
8/28/2020,11.57464789,30
8/29/2020,11.57464789,29.7
8/30/2020,11.57464789,27.5
8/31/2020,11.57464789,22.3
9/1/2020,11.57464789,20.6
9/2/2020,11.57464789,19.6
9/3/2020,11.57464789,21.2
9/4/2020,11.57464789,22.5
9/5/2020,11.57464789,26.6
9/6/2020,11.57464789,29.3
9/7/2020,11.57464789,24.4
9/8/2020,11.57464789,21.2
9/9/2020,11.57464789,25.7
9/10/2020,11.57464789,29.8
9/11/2020,11.57464789,29.8
9/12/2020,11.57464789,30.1
9/13/2020,11.57464789,29.1
9/14/2020,11.57464789,27.1
9/15/2020,11.57464789,21.2
9/16/2020,11.57464789,25.2
9/17/2020,11.57464789,23.3
9/18/2020,11.57464789,24.1
9/19/2020,11.57464789,25.6
9/20/2020,40.9,23
9/21/2020,0,19.5
9/22/2020,11.57464789,21.3
9/23/2020,11.57464789,26.1
9/24/2020,11.57464789,29.2
9/25/2020,11.57464789,30.4
9/26/2020,11.57464789,31.3
9/27/2020,11.57464789,32.5
9/28/2020,1.3,24
9/29/2020,0,26.1
9/30/2020,11.57464789,31.8
10/1/2020,11.57464789,34.3
10/2/2020,11.57464789,25.67529728
10/3/2020,11.57464789,30.7
10/4/2020,11.57464789,25.67529728
10/5/2020,11.57464789,25.3
10/6/2020,11.57464789,28.4
10/7/2020,11.57464789,30.3
10/8/2020,11.57464789,25.67529728
10/9/2020,11.57464789,25.67529728
10/10/2020,11.57464789,31.9
10/11/2020,11.57464789,31.2
10/12/2020,11.57464789,32.6
10/13/2020,11.57464789,31.1
10/14/2020,11.57464789,33.3
10/15/2020,35.3,26.4
10/16/2020,11.57464789,25.67529728
10/17/2020,11.57464789,28.2
10/18/2020,11.57464789,26.3
10/19/2020,11.57464789,27.9
10/20/2020,11.57464789,30.4
10/21/2020,11.57464789,29.5
10/22/2020,11.57464789,29.9
10/23/2020,11.57464789,27.1
10/24/2020,11.57464789,30.4
10/25/2020,11.57464789,30.4
10/26/2020,4.3,26.4
10/27/2020,51.6,24.9
10/28/2020,0,26.8
10/29/2020,11.57464789,26
10/30/2020,11.57464789,21.4
10/31/2020,11.57464789,27
11/1/2020,11.57464789,25.2
11/2/2020,11.57464789,27.2
11/3/2020,11.57464789,26.7
11/4/2020,11.57464789,27.9
11/5/2020,11.57464789,28.8
11/6/2020,11.57464789,25.67529728
11/7/2020,11.57464789,33.9
11/8/2020,11.57464789,29.8
11/9/2020,11.57464789,26.7
11/10/2020,11.57464789,23.1
11/11/2020,5.3,23.9
11/12/2020,0,26.8
11/13/2020,11.57464789,29.1
11/14/2020,11.57464789,27.2
11/15/2020,3.3,26.6
11/16/2020,11.57464789,25.67529728
11/17/2020,11.57464789,31.1
11/18/2020,4.1,21.6
11/19/2020,6.1,22.7
11/20/2020,0,19.8
11/21/2020,11.57464789,32.2
11/22/2020,11.57464789,28.6
11/23/2020,11.57464789,29.6
11/24/2020,11.57464789,31.7
11/25/2020,11.57464789,32.8
11/26/2020,11.57464789,29.3
11/27/2020,11.57464789,25.67529728
11/28/2020,11.57464789,34.3
11/29/2020,11.57464789,31.3
11/30/2020,11.57464789,29.8
12/1/2020,11.57464789,29
12/2/2020,5.1,30.7
12/3/2020,0,29.3
12/4/2020,11.57464789,25.67529728
12/5/2020,22.6,23.7
12/6/2020,1,25.2
12/7/2020,0,26.8
12/8/2020,11.57464789,28.7
12/9/2020,11.57464789,31.9
12/10/2020,11.57464789,31.5
12/11/2020,11.57464789,31.8
12/12/2020,11.57464789,30.9
12/13/2020,11.57464789,29.7
12/14/2020,135.1,25.5
12/15/2020,0,27.8
12/16/2020,11.57464789,27.8
12/17/2020,11.57464789,27.2
12/18/2020,11.57464789,25.67529728
12/19/2020,12.2,33.5
12/20/2020,0,32.3
12/21/2020,11.57464789,27.5
12/22/2020,11.57464789,25.67529728
12/23/2020,11.57464789,30.4
12/24/2020,11.57464789,32.2
12/25/2020,11.57464789,32.4
12/26/2020,11.57464789,31.3
12/27/2020,11.57464789,31.5
12/28/2020,11.57464789,33.4
12/29/2020,11.57464789,30.4
12/30/2020,11.57464789,28.9
12/31/2020,7.4,25.5
